NeighbourhoodName,NeighbourhoodNumber,CMHCZone,rent2019,rent2020,rent2021,rent2022,rent2023,rent2024,CityZone,CenterLocation,CrimeOccurances,CrimeRate,WalkScore,TransitScore,BikeScore,Population,rent2025,Distance to U of A (km),Distance to MacEwan (km),Distance to NAIT (km),Distance to Concordia (km),Distance to NorQuest (km),NewResidentialUnits2023,NumCurrentListings,SupportiveHousingCount,SupportiveUnits,SheltersCount
Oliver,1151,1.0,1175.0,1199.0,1196.0,1237.0,1320.0,1395.0,12.0,"(53.49733975842764, -113.60876578846745)",1698.0,0.1,55.0,68.0,72.0,16283.0,1625,6.197466966,8.715200759,10.63030792,12.87888361,8.557175195,0,253,0,0,0
Rossdale,1220,1.0,1175.0,1199.0,1196.0,1237.0,1320.0,1395.0,12.0,"(53.53315473446558, -113.49579654462286)",80.0,0.09,63.0,78.0,59.0,917.0,1550,2.290546217,1.751927318,3.94334074,4.480646283,1.396329752,0,11,0,0,0
Downtown,1090,1.0,1175.0,1199.0,1196.0,1237.0,1320.0,1395.0,12.0,"(53.539766593635115, -113.49942076578088)",4679.0,0.38,64.0,57.0,50.0,12400.0,2241,2.53979949,0.9921105132,3.191702114,4.224471631,0.6575788545,11,242,0,0,2
Riverdale,1210,1.0,1175.0,1199.0,1196.0,1237.0,1320.0,1395.0,13.0,"(53.54410729046791, -113.4690108824121)",88.0,0.04,44.0,61.0,56.0,1987.0,1528,4.437202638,2.577100675,3.464214841,2.363548922,2.470151453,2,8,1,44,0
Boyle Street,1020,1.0,1175.0,1199.0,1196.0,1237.0,1320.0,1395.0,13.0,"(53.54763104592711, -113.47926288088948)",1400.0,0.23,76.0,68.0,77.0,6089.0,1405,4.115211101,1.873894969,2.748391955,2.627240911,1.834563565,237,29,0,0,3
McCauley,1140,1.0,1175.0,1199.0,1196.0,1237.0,1320.0,1395.0,13.0,"(53.55460510238498, -113.48509801676677)",2173.0,0.44,89.0,73.0,85.0,4893.0,1670,4.408790843,1.696480804,1.888588839,2.68521018,1.831125374,0,19,0,0,6
Alberta Avenue,1010,1.0,1175.0,1199.0,1196.0,1237.0,1320.0,1395.0,5.0,"(53.568485381370216, -113.48511916939452)",878.0,0.14,80.0,66.0,70.0,6494.0,1475,5.70113217,2.79022691,1.096236571,2.773284458,3.06080403,39,18,0,0,0
Patricia Heights,4390,1.0,1175.0,1199.0,1196.0,1237.0,1320.0,1395.0,22.0,"(53.5075640569012, -113.59229331898594)",45.0,0.03,19.0,51.0,26.0,1638.0,1600,4.723002495,7.14978122,9.053556945,11.34854173,7.001650594,1,5,0,0,0
Cromdale,1070,1.0,1175.0,1199.0,1196.0,1237.0,1320.0,1395.0,9.0,"(53.55906091683242, -113.469043089566)",243.0,0.14,61.0,55.0,73.0,1722.0,1299,5.483058703,2.868817208,2.399067939,1.553824875,2.980663133,1,56,0,0,0
Westmount,3440,2.0,1001.0,1005.0,1033.0,1047.0,1110.0,1214.0,7.0,"(53.54999520578563, -113.53997646884534)",458.0,0.08,40.0,57.0,56.0,5748.0,2168,3.082567064,2.172330146,3.262986734,6.351720034,2.330327511,28,31,3,167,0
Queen Mary Park,1180,2.0,1001.0,1005.0,1033.0,1047.0,1110.0,1214.0,8.0,"(53.55332064222554, -113.51965422615388)",889.0,0.14,42.0,63.0,58.0,6400.0,1319,3.345970848,1.049349211,2.059702175,4.961880185,1.361580082,16,94,0,0,0
Central McDougall,1030,2.0,1001.0,1005.0,1033.0,1047.0,1110.0,1214.0,8.0,"(53.55333182850342, -113.50106809464475)",1500.0,0.3,77.0,74.0,81.0,5001.0,1182,3.71633018,0.7999249725,1.678936766,3.749271994,1.090359421,4,0,0,0,0
Prince Rupert,1170,2.0,1001.0,1005.0,1033.0,1047.0,1110.0,1214.0,8.0,"(53.56459450197771, -113.52411765326903)",1939.0,1.42,39.0,53.0,33.0,1365.0,1583,4.573741552,2.220588843,1.547105699,5.221569565,2.575412439,5,6,0,0,0
Spruce Avenue,1230,2.0,1001.0,1005.0,1033.0,1047.0,1110.0,1214.0,8.0,"(53.56463543349929, -113.49950159270514)",655.0,0.33,73.0,68.0,63.0,1972.0,1267,4.909146994,2.005606507,0.4441823334,3.601690008,2.335905547,25,17,0,0,0
Inglewood,3240,2.0,1001.0,1005.0,1033.0,1047.0,1110.0,1214.0,7.0,"(53.56460646699409, -113.54085217126553)",651.0,0.1,41.0,54.0,52.0,6326.0,1265,4.673137057,2.933413515,2.630676846,6.32643607,3.239146397,157,62,2,47,0
Grandview Heights,5210,3.0,1157.0,1154.0,1155.0,1176.0,1229.0,1383.0,15.0,"(53.501164827865296, -113.54891011910658)",20.0,0.02,11.0,51.0,27.0,1051.0,4650,2.904593168,5.818265414,8.113572596,9.485977363,5.546647897,9,1,0,0,0
Belgravia,5040,3.0,1157.0,1154.0,1155.0,1176.0,1229.0,1383.0,15.0,"(53.51179560303294, -113.53272944431215)",69.0,0.03,25.0,60.0,51.0,2002.0,2100,1.37245295,4.286323632,6.62930511,7.892888684,3.994417698,6,26,0,0,0
Queen Alexandra,5330,3.0,1157.0,1154.0,1155.0,1176.0,1229.0,1383.0,15.0,"(53.512219718827524, -113.50481243737059)",1261.0,0.27,73.0,54.0,92.0,4606.0,1597,1.901791868,3.90401618,6.257574808,6.621813755,3.542617467,24,39,0,0,0
McKernan,5290,3.0,1157.0,1154.0,1155.0,1176.0,1229.0,1383.0,15.0,"(53.51275883935857, -113.52044221101723)",109.0,0.04,45.0,62.0,65.0,2495.0,1600,1.259537781,3.934223767,6.317943544,7.239669317,3.605861085,40,42,0,0,0
Ritchie,6610,3.0,1157.0,1154.0,1155.0,1176.0,1229.0,1383.0,17.0,"(53.513275101362, -113.48274211548578)",537.0,0.14,71.0,52.0,83.0,3731.0,1957,3.107220007,4.124031775,6.263552034,5.768297898,3.762667265,39,10,0,0,1
Garneau,5200,3.0,1157.0,1154.0,1155.0,1176.0,1229.0,1383.0,15.0,"(53.519910825386674, -113.51353555933932)",416.0,0.06,57.0,60.0,81.0,6986.0,1569,0.9381919111,3.069845477,5.455157632,6.349271385,2.728139038,65,125,0,0,0
Strathcona,5480,3.0,1157.0,1154.0,1155.0,1176.0,1229.0,1383.0,15.0,"(53.52239020329985, -113.4909855535488)",602.0,0.07,78.0,55.0,87.0,8404.0,1644,2.346771962,2.977291238,5.170851056,5.167051164,2.613920726,18,95,0,0,0
University of Alberta,5520,3.0,1157.0,1154.0,1155.0,1176.0,1229.0,1383.0,15.0,"(53.52357681357174, -113.52284716422139)",574.0,0.9,61.0,61.0,49.0,637.0,1195,0.2303176267,2.824836929,5.183873431,6.538970227,2.528585486,0,0,0,0,0
Windsor Park,5580,3.0,1157.0,1154.0,1155.0,1176.0,1229.0,1383.0,15.0,"(53.52407815950066, -113.53686248367437)",65.0,0.05,27.0,53.0,44.0,1254.0,1530,0.7020428564,3.231116768,5.458089426,7.257923124,3.008119676,10,39,0,0,0
Parkallen,5310,3.0,1157.0,1154.0,1155.0,1176.0,1229.0,1383.0,15.0,"(53.50309581321912, -113.51746134884462)",69.0,0.03,35.0,60.0,68.0,2144.0,1487,2.347873222,4.959283193,7.344606113,7.937363037,4.6167633,20,13,0,0,0
McQueen,3300,4.0,1030.0,1029.0,1019.0,1057.0,1102.0,1184.0,21.0,"(53.554938228106195, -113.57184249461682)",109.0,0.06,28.0,49.0,26.0,1693.0,1300,4.619097351,4.3476365,4.885985649,8.381677058,4.512170176,1,2,0,0,0
Parkview,3330,4.0,1030.0,1029.0,1019.0,1057.0,1102.0,1184.0,10.0,"(53.52406036577422, -113.56791414349783)",111.0,0.03,39.0,39.0,39.0,3322.0,1444,2.759351954,4.764275223,6.606931569,9.045482613,4.652804525,18,6,0,0,0
Glenora,3200,4.0,1030.0,1029.0,1019.0,1057.0,1102.0,1184.0,11.0,"(53.544904705240754, -113.55704251222033)",150.0,0.04,46.0,56.0,55.0,3547.0,1672,3.132807577,3.292736,4.507052404,7.574378648,3.36684543,28,7,0,0,0
Grovenor,3210,4.0,1030.0,1029.0,1019.0,1057.0,1102.0,1184.0,21.0,"(53.54539881342909, -113.57191166581072)",134.0,0.06,40.0,56.0,45.0,2337.0,1414,3.881765925,4.272916264,5.313382668,8.526820519,4.353742906,99,20,0,0,0
North Glenora,3310,4.0,1030.0,1029.0,1019.0,1057.0,1102.0,1184.0,7.0,"(53.5549408887816, -113.55826514910287)",105.0,0.05,35.0,55.0,50.0,1977.0,1252,4.088381394,3.469878833,4.039081254,7.484322271,3.653493581,52,8,0,0,0
Prince Charles,3350,4.0,1030.0,1029.0,1019.0,1057.0,1102.0,1184.0,4.0,"(53.57563545261752, -113.53600199095251)",222.0,0.16,45.0,48.0,44.0,1392.0,1311,5.83564163,3.678833958,2.412555238,6.227755101,4.030843645,32,13,0,0,0
Sherbrooke,3410,4.0,1030.0,1029.0,1019.0,1057.0,1102.0,1184.0,4.0,"(53.575663208477806, -113.5472856344579)",170.0,0.07,37.0,49.0,38.0,2478.0,1536,5.967408037,4.115091773,3.128071885,6.950018453,4.446852048,3,7,0,0,0
Dovercourt,3170,4.0,1030.0,1029.0,1019.0,1057.0,1102.0,1184.0,4.0,"(53.57572651757001, -113.55953411087015)",105.0,0.05,26.0,49.0,24.0,2151.0,1272,6.213483759,4.681222119,3.919077637,7.740306659,4.989444528,2,4,0,0,0
Laurier Heights,3270,4.0,1030.0,1029.0,1019.0,1057.0,1102.0,1184.0,10.0,"(53.51425496966398, -113.56933192828389)",77.0,0.03,24.0,38.0,32.0,2512.0,1365,3.033693381,5.503665023,7.513675386,9.660699438,5.336085915,9,0,0,0,0
Woodcroft,3450,4.0,1030.0,1029.0,1019.0,1057.0,1102.0,1184.0,7.0,"(53.56459542426348, -113.55832687208344)",669.0,0.25,43.0,55.0,24.0,2639.0,1391,5.039936298,3.880294773,3.778096588,7.48126023,4.139539153,0,3,0,0,0
Elmwood,4140,5.0,1035.0,1032.0,1016.0,1038.0,1103.0,1195.0,22.0,"(53.515738255479256, -113.60599332912918)",117.0,0.05,31.0,60.0,22.0,2545.0,1587,5.355202055,7.412160582,9.066615741,11.72315205,7.32447335,1,4,0,0,0
Jasper Park,4230,5.0,1035.0,1032.0,1016.0,1038.0,1103.0,1195.0,22.0,"(53.52307006685602, -113.58410530166327)",286.0,0.14,50.0,53.0,36.0,2019.0,1000,3.832897795,5.747114829,7.438460838,10.06329957,5.66389403,24,9,0,0,0
Meadowlark Park,4310,5.0,1035.0,1032.0,1016.0,1038.0,1103.0,1195.0,22.0,"(53.52553194474322, -113.59655415449808)",203.0,0.07,40.0,56.0,23.0,2811.0,1374,4.663453718,6.378901325,7.895446438,10.71943848,6.330483956,0,7,0,0,0
West Meadowlark Park,4590,5.0,1035.0,1032.0,1016.0,1038.0,1103.0,1195.0,22.0,"(53.52560545214229, -113.60905865145068)",373.0,0.1,37.0,60.0,27.0,3702.0,1509,5.492284122,7.150231216,8.565850507,11.49406674,7.11722333,0,3,0,0,0
Sherwood,4500,5.0,1035.0,1032.0,1016.0,1038.0,1103.0,1195.0,22.0,"(53.52910176694538, -113.58414504980918)",101.0,0.07,44.0,48.0,29.0,1363.0,1536,3.884919895,5.467030266,7.002173411,9.808898464,5.424069503,20,4,0,0,0
West Jasper Place,4580,5.0,1035.0,1032.0,1016.0,1038.0,1103.0,1195.0,22.0,"(53.53662987117308, -113.58414434574873)",458.0,0.15,44.0,57.0,33.0,3074.0,1300,4.10275105,5.215250529,6.511152601,9.545049207,5.227968143,64,23,0,0,0
Canora,4090,5.0,1035.0,1032.0,1016.0,1038.0,1103.0,1195.0,21.0,"(53.546193442280206, -113.58421460413187)",355.0,0.11,36.0,57.0,34.0,3358.0,1515,4.593899899,5.084751063,6.003498444,9.313002985,5.172177167,12,38,0,0,0
Britannia Youngstown,4060,5.0,1035.0,1032.0,1016.0,1038.0,1103.0,1195.0,21.0,"(53.54629461971565, -113.60151037109307)",457.0,0.1,36.0,55.0,29.0,4533.0,1150,5.592894301,6.230752413,7.059778118,10.44328249,6.318109159,13,13,0,0,0
High Park,4200,5.0,1035.0,1032.0,1016.0,1038.0,1103.0,1195.0,21.0,"(53.55498578225787, -113.5841992583502)",402.0,0.26,28.0,46.0,28.0,1561.0,1577,5.195121249,5.154049549,5.669426528,9.198413935,5.306823286,36,4,0,0,0
Mayfield,4290,5.0,1035.0,1032.0,1016.0,1038.0,1103.0,1195.0,21.0,"(53.5550180328723, -113.59817021652945)",119.0,0.06,29.0,45.0,19.0,1992.0,1372,5.914473613,6.069530318,6.566157465,10.12239757,6.212447396,4,2,0,0,0
Quesnell Heights,4420,5.0,1035.0,1032.0,1016.0,1038.0,1103.0,1195.0,22.0,"(53.509354322966445, -113.57353363357674)",8.0,0.02,34.0,52.0,28.0,330.0,1800,3.50638482,6.079349213,8.118329341,10.19088094,5.898931087,0,0,0,0,0
Lynnwood,4280,5.0,1035.0,1032.0,1016.0,1038.0,1103.0,1195.0,22.0,"(53.515701325038734, -113.58990906542579)",84.0,0.03,44.0,54.0,26.0,3266.0,1449,4.306693021,6.494526258,8.284888917,10.76753874,6.380086618,0,6,0,0,0
Crestwood,3140,5.0,1035.0,1032.0,1016.0,1038.0,1103.0,1195.0,10.0,"(53.53543354824776, -113.56903784929617)",108.0,0.05,51.0,50.0,46.0,2278.0,1514,3.127780914,4.285043113,5.780275277,8.6282195,4.26987906,7,7,0,0,0
Edgemont,4462,6.0,1279.0,1262.0,1258.0,1287.0,1365.0,1509.0,57.0,"(53.46974341660044, -113.67084271935684)",130.0,0.04,1.0,23.0,33.0,3500.0,1767,11.30547252,13.85044424,15.70075661,18.01071714,13.69648534,480,185,0,0,0
Cameron Heights,4466,6.0,1279.0,1262.0,1258.0,1287.0,1365.0,1509.0,20.0,"(53.474126648696625, -113.63435942674349)",20.0,0.03,2.0,23.0,34.0,633.0,1618,9.034637521,11.70695905,13.69583486,15.75901816,11.5219579,7,10,0,0,0
Wedgewood Heights,4570,6.0,1279.0,1262.0,1258.0,1287.0,1365.0,1509.0,20.0,"(53.4787144942962, -113.64658024116764)",15.0,0.02,22.0,28.0,31.0,979.0,1389,9.41017073,11.97053573,13.85766387,16.11704566,11.81093735,0,0,0,0,0
Donsdale,4120,6.0,1279.0,1262.0,1258.0,1287.0,1365.0,1509.0,20.0,"(53.48563017460971, -113.63546017525792)",13.0,0.01,32.0,30.0,39.0,1311.0,4110,8.380104369,10.91169654,12.79117939,15.07506205,10.75628887,1,0,0,0,0
The Hamptons,4461,6.0,1279.0,1262.0,1258.0,1287.0,1365.0,1509.0,58.0,"(53.48738559961549, -113.6756873811716)",179.0,0.02,32.0,30.0,32.0,8073.0,2050,10.6955841,12.99338372,14.64597713,17.27225001,12.88597068,4,0,0,0,0
Jamieson Place,4220,6.0,1279.0,1262.0,1258.0,1287.0,1365.0,1509.0,20.0,"(53.48870738325546, -113.64901968121586)",58.0,0.02,33.0,34.0,39.0,3756.0,1825,9.016119701,11.42596682,13.19771989,15.65659504,11.29520163,0,1,0,0,0
Ormsby Place,4380,6.0,1279.0,1262.0,1258.0,1287.0,1365.0,1509.0,20.0,"(53.49910557146923, -113.64276057125781)",101.0,0.02,35.0,39.0,33.0,4889.0,1750,8.188890265,10.44836873,12.12542543,14.73076231,10.34201364,0,4,0,0,0
Glastonbury,4720,6.0,1279.0,1262.0,1258.0,1287.0,1365.0,1509.0,58.0,"(53.5031873362953, -113.66986988320716)",183.0,0.05,30.0,33.0,23.0,3793.0,1475,9.788121679,11.83128369,13.3070084,16.16257872,11.76415127,46,5,0,0,0
Granville,4551,6.0,1279.0,1262.0,1258.0,1287.0,1365.0,1509.0,58.0,"(53.504871648389766, -113.68279691182721)",126.0,0.07,25.0,30.0,16.0,1742.0,1815,10.58574796,12.54454994,13.93687654,16.88486826,12.49239826,5,3,0,0,0
Lymburn,4270,6.0,1279.0,1262.0,1258.0,1287.0,1365.0,1509.0,20.0,"(53.507532410348745, -113.64230021562753)",128.0,0.02,23.0,44.0,31.0,5545.0,1675,7.896707719,9.971585841,11.52602602,14.29328086,9.893863737,0,2,0,0,0
Aldergrove,4020,6.0,1279.0,1262.0,1258.0,1287.0,1365.0,1509.0,20.0,"(53.51688846994692, -113.6412419909567)",83.0,0.02,23.0,59.0,21.0,5010.0,1519,7.658233953,9.489032517,10.88577817,13.83190919,9.446291734,0,3,0,0,0
Potter Greens,4710,6.0,1279.0,1262.0,1258.0,1287.0,1365.0,1509.0,58.0,"(53.51827868887517, -113.6726003231069)",40.0,0.03,19.0,44.0,12.0,1407.0,2980,9.719864682,11.41106688,12.63079501,15.75070659,11.39573146,0,0,0,0,0
Suder Greens,4730,6.0,1279.0,1262.0,1258.0,1287.0,1365.0,1509.0,58.0,"(53.52458649056212, -113.6772761921058)",82.0,0.04,18.0,44.0,13.0,1881.0,1655,10.01243541,11.53434478,12.62126287,15.85628059,11.54324833,0,0,0,0,0
Belmead,4040,6.0,1279.0,1262.0,1258.0,1287.0,1365.0,1509.0,20.0,"(53.525602960949286, -113.64101499679995)",854.0,0.18,25.0,57.0,29.0,4797.0,1489,7.610276486,9.17293403,10.39333781,13.50909321,9.166577074,0,8,0,0,0
La Perle,4240,6.0,1279.0,1262.0,1258.0,1287.0,1365.0,1509.0,20.0,"(53.533087545724655, -113.64070859781111)",159.0,0.03,22.0,47.0,30.0,4593.0,1737,7.660123665,8.969280335,10.01936802,13.27502863,8.995839632,0,4,0,0,0
Terra Losa,4540,6.0,1279.0,1262.0,1258.0,1287.0,1365.0,1509.0,20.0,"(53.53329320007971, -113.62217806434573)",549.0,0.24,28.0,50.0,27.0,2246.0,1426,6.449273988,7.758291966,8.892629212,12.076275,7.776824883,0,2,0,0,0
Secord,4487,6.0,1279.0,1262.0,1258.0,1287.0,1365.0,1509.0,58.0,"(53.53386206881386, -113.70135225077067)",212.0,0.41,2.0,24.0,12.0,518.0,1495,11.6641514,12.93605356,13.78240251,17.19910131,12.98287268,355,66,0,0,0
Lewis Farms Industrial,4485,6.0,1279.0,1262.0,1258.0,1287.0,1365.0,1509.0,58.0,"(53.53754834040025, -113.6828640973079)",54.0,0.61,22.0,36.0,21.0,89.0,1450,10.4974963,11.67378145,12.49082437,15.92218822,11.72939964,0,0,0,0,0
Dechene,4110,6.0,1279.0,1262.0,1258.0,1287.0,1365.0,1509.0,20.0,"(53.49043609387975, -113.6359530507595)",28.0,0.01,36.0,39.0,28.0,1869.0,2714,8.152902821,10.60949393,12.43448571,14.81471881,10.46818473,0,0,0,0,0
Gariepy,4160,6.0,1279.0,1262.0,1258.0,1287.0,1365.0,1509.0,20.0,"(53.49359649611536, -113.6226568962673)",28.0,0.02,37.0,39.0,34.0,1803.0,1733,7.207252074,9.694542233,11.56305925,13.87991286,9.545163815,0,0,0,0,0
Callingwood South,4080,6.0,1279.0,1262.0,1258.0,1287.0,1365.0,1509.0,20.0,"(53.50051487931529, -113.62303087351475)",294.0,0.06,52.0,41.0,47.0,4808.0,1599,6.907947394,9.260095226,11.03912159,13.50541734,9.134084661,0,29,0,0,0
Westridge,4610,6.0,1279.0,1262.0,1258.0,1287.0,1365.0,1509.0,22.0,"(53.50562209269329, -113.60137155550291)",33.0,0.03,19.0,47.0,28.0,1284.0,1250,5.362450553,7.759422779,9.619680972,11.97656701,7.61958166,1,0,0,0,0
Rio Terrace,4430,6.0,1279.0,1262.0,1258.0,1287.0,1365.0,1509.0,22.0,"(53.50731420851918, -113.58454862423845)",21.0,0.02,10.0,46.0,26.0,1196.0,1750,4.263050719,6.77166655,8.742861517,10.92679578,6.607079279,3,3,0,0,0
Callingwood North,4070,6.0,1279.0,1262.0,1258.0,1287.0,1365.0,1509.0,20.0,"(53.50759781942617, -113.62302473067683)",120.0,0.04,32.0,53.0,36.0,2742.0,1549,6.655247521,8.840383669,10.51438137,13.13464143,8.740684648,0,29,0,0,0
Breckenridge Greens,4700,6.0,1279.0,1262.0,1258.0,1287.0,1365.0,1509.0,58.0,"(53.516525721975796, -113.68435099579185)",22.0,0.01,12.0,37.0,17.0,2033.0,1950,10.51080605,12.21387771,13.41711048,16.55296118,12.19918188,0,0,0,0,0
Thorncliff,4560,6.0,1279.0,1262.0,1258.0,1287.0,1365.0,1509.0,20.0,"(53.51669839372241, -113.62282783087267)",121.0,0.03,32.0,66.0,21.0,3694.0,1644,6.446101945,8.368025187,9.88146441,12.70265347,8.306319142,0,14,0,0,0
Summerlea,4520,6.0,1279.0,1262.0,1258.0,1287.0,1365.0,1509.0,20.0,"(53.52562655378806, -113.6226333201063)",208.0,0.1,44.0,62.0,23.0,2104.0,1452,6.391958663,8.00263536,9.325868387,12.34502486,7.982696581,0,2,0,0,0
Webber Greens,4740,6.0,1279.0,1262.0,1258.0,1287.0,1365.0,1509.0,58.0,"(53.53030969388328, -113.67660757308009)",53.0,0.08,15.0,38.0,13.0,655.0,1773,9.995319994,11.36746187,12.34666261,15.66500997,11.39621731,1,6,0,0,0
Glenwood,4180,6.0,1279.0,1262.0,1258.0,1287.0,1365.0,1509.0,22.0,"(53.536416563291034, -113.60276981012993)",681.0,0.14,44.0,54.0,29.0,4963.0,1400,5.268916774,6.428346465,7.588396424,10.74341069,6.453342813,47,25,0,0,0
Oleskiw,4360,6.0,1279.0,1262.0,1258.0,1287.0,1365.0,1509.0,22.0,"(53.54198293050736, -113.52399393494247)",35.0,0.01,20.0,36.0,32.0,2429.0,1809,2.0605949,1.239602145,3.292807249,5.571735032,1.196794901,1,0,0,0,0
Westview Village,4620,6.0,1279.0,1262.0,1258.0,1287.0,1365.0,1509.0,59.0,"(53.55222205586075, -113.69666819933443)",93.0,0.1,8.0,25.0,17.0,897.0,1100,11.73721675,12.5487349,13.04688035,16.65756484,12.65292732,0,0,0,0,0
Winterburn Industrial Area West,4670,6.0,1279.0,1262.0,1258.0,1287.0,1365.0,1509.0,59.0,"(53.56280361434664, -113.70139052289608)",147.0,0.09,5.0,24.0,2.0,1718.0,2167,12.40200968,12.96391829,13.24782991,16.94749855,13.09907006,0,0,0,0,0
Kinglet Gardens,4477,6.0,1279.0,1262.0,1258.0,1287.0,1365.0,1509.0,59.0,"(53.577379047227296, -113.70141745981881)",35.0,0.25,6.0,24.0,10.0,138.0,1922,13.06221102,13.27766717,13.27019598,17.05182925,13.45294845,130,9,0,0,0
Kinokamau Plains Area,4475,6.0,1279.0,1262.0,1258.0,1287.0,1365.0,1509.0,40.0,"(53.58508423157136, -113.62044143125405)",58.0,0.26,30.0,47.0,27.0,222.0,1400,9.266046177,8.584343835,8.083472442,11.90560538,8.836958814,0,0,0,0,0
Hawks Ridge,4473,6.0,1279.0,1262.0,1258.0,1287.0,1365.0,1509.0,59.0,"(53.58845698097355, -113.70146644240913)",32.0,0.04,6.0,24.0,10.0,742.0,1637,13.67343779,13.64268412,13.4208447,17.23499589,13.84530214,103,3,0,0,0
Edmonton South Central,8887,7.0,1269.0,1271.0,1295.0,1333.0,1410.0,1519.0,32.0,"(53.366757392119766, -113.58612683163992)",43.0,0.51,39.0,44.0,51.0,85.0,1482,17.89372622,20.75642207,23.13355141,23.45951179,20.43107875,0,0,0,0,0
Desrochers Area,5463,7.0,1269.0,1271.0,1295.0,1333.0,1410.0,1519.0,55.0,"(53.39967245522028, -113.55302309853884)",90.0,0.08,27.0,37.0,39.0,1100.0,1586,13.89728986,16.70129351,19.08698209,19.23123413,16.3643632,126,3,0,0,0
Allard,5458,7.0,1269.0,1271.0,1295.0,1333.0,1410.0,1519.0,55.0,"(53.40130058621988, -113.5266410946518)",115.0,0.02,34.0,50.0,49.0,6800.0,1645,13.60245499,16.29410087,18.67257578,18.47970641,15.94348678,14,5,0,0,0
Chappelle,5462,7.0,1269.0,1271.0,1295.0,1333.0,1410.0,1519.0,55.0,"(53.40308104313948, -113.58684392227269)",297.0,0.04,27.0,37.0,39.0,8300.0,1852,13.99407631,16.88858621,19.24981431,19.83618368,16.57499951,352,31,0,0,0
Cavanagh,5467,7.0,1269.0,1271.0,1295.0,1333.0,1410.0,1519.0,55.0,"(53.4059814953449, -113.51201888482001)",61.0,0.06,27.0,37.0,39.0,956.0,1100,13.11590992,15.72646696,18.09092633,17.71588492,15.36979943,31,1,0,0,0
Callaghan,5457,7.0,1269.0,1271.0,1295.0,1333.0,1410.0,1519.0,55.0,"(53.4073451635787, -113.52679196283633)",77.0,0.08,19.0,33.0,44.0,949.0,1639,12.92975196,15.62431785,18.00352173,17.8400543,15.27417547,98,17,0,0,0
Rutherford,5454,7.0,1269.0,1271.0,1295.0,1333.0,1410.0,1519.0,55.0,"(53.41676484779562, -113.52978802448754)",150.0,0.02,24.0,36.0,41.0,6903.0,1795,11.88359283,14.5985156,16.98064171,16.90801721,14.25070853,0,14,0,0,0
Keswick,5574,7.0,1269.0,1271.0,1295.0,1333.0,1410.0,1519.0,56.0,"(53.41758706862364, -113.63221244612657)",130.0,0.07,22.0,32.0,36.0,1900.0,1114,13.72763254,16.63728402,18.89046386,20.12731823,16.36970185,324,42,0,0,0
Glenridding Heights,5578,7.0,1269.0,1271.0,1295.0,1333.0,1410.0,1519.0,56.0,"(53.41759919038519, -113.60666038260204)",68.0,0.02,22.0,32.0,36.0,3800.0,1925,12.93955188,15.8605001,18.17395563,19.12958977,15.57049217,238,15,0,0,0
Hays Ridge Area,5465,7.0,1269.0,1271.0,1295.0,1333.0,1410.0,1519.0,55.0,"(53.41762228220526, -113.57770281807092)",29.0,0.07,27.0,37.0,39.0,438.0,2956,12.26992571,15.16158972,17.52467998,18.1238711,14.84718648,32,0,0,0,0
Blackmud Creek,5453,7.0,1269.0,1271.0,1295.0,1333.0,1410.0,1519.0,55.0,"(53.41966051994985, -113.51078782887589)",54.0,0.03,39.0,36.0,45.0,1882.0,1672,11.60500241,14.20289458,16.56654077,16.22355542,13.84591453,0,1,0,0,0
Graydon Hill,5468,7.0,1269.0,1271.0,1295.0,1333.0,1410.0,1519.0,55.0,"(53.421257265220234, -113.55929691911105)",17.0,0.03,27.0,37.0,39.0,604.0,1707,11.59013211,14.43851002,16.81846119,17.20105369,14.11105078,0,7,0,0,0
Richford,5451,7.0,1269.0,1271.0,1295.0,1333.0,1410.0,1519.0,55.0,"(53.42726985859359, -113.50739446923973)",15.0,0.02,32.0,36.0,32.0,688.0,1745,10.78565336,13.35437157,15.71319848,15.34718662,12.99600818,1,0,0,0,0
MacEwan,5452,7.0,1269.0,1271.0,1295.0,1333.0,1410.0,1519.0,55.0,"(53.42874568503817, -113.52694799663772)",269.0,0.06,28.0,37.0,35.0,4351.0,1577,10.54804422,13.25296772,15.63463222,15.58911762,12.90472638,1,9,0,0,0
Blackburne,5590,7.0,1269.0,1271.0,1295.0,1333.0,1410.0,1519.0,55.0,"(53.42907132874183, -113.49830890626279)",10.0,0.01,15.0,34.0,22.0,1156.0,1674,10.67496302,13.16809666,15.50970374,15.00226923,12.80621922,0,0,0,0,0
Ambleside,5505,7.0,1269.0,1271.0,1295.0,1333.0,1410.0,1519.0,56.0,"(53.43064140009593, -113.6006766240175)",235.0,0.13,28.0,33.0,38.0,1741.0,1729,11.45543433,14.37661366,16.68178107,17.70941657,14.09063336,5,16,0,0,0
Windermere,5570,7.0,1269.0,1271.0,1295.0,1333.0,1410.0,1519.0,56.0,"(53.432341721819526, -113.62668789063943)",430.0,0.55,17.0,30.0,35.0,779.0,1841,12.14017279,15.03792324,17.2676941,18.61975105,14.77913263,42,39,0,0,0
Mactaggart,5477,7.0,1269.0,1271.0,1295.0,1333.0,1410.0,1519.0,14.0,"(53.437903117432406, -113.56104656101327)",46.0,0.01,62.0,50.0,56.0,3400.0,1622,9.803747085,12.67871628,15.05011191,15.6131517,12.35915686,1,1,0,0,0
Bearspaw,5030,7.0,1269.0,1271.0,1295.0,1333.0,1410.0,1519.0,16.0,"(53.44346178229486, -113.50052801092731)",29.0,0.02,23.0,49.0,34.0,1824.0,1395,9.073142129,11.56163015,13.90673129,13.48873535,11.2002167,0,0,0,0,0
Twin Brooks,5511,7.0,1269.0,1271.0,1295.0,1333.0,1410.0,1519.0,16.0,"(53.444688598338075, -113.53149747768364)",63.0,0.01,19.0,44.0,26.0,4975.0,1745,8.780336539,11.52607379,13.91151899,14.0570902,11.18319544,0,2,0,0,0
Magrath Heights,5476,7.0,1269.0,1271.0,1295.0,1333.0,1410.0,1519.0,14.0,"(53.447688501239554, -113.5567204318348)",69.0,0.03,45.0,44.0,26.0,2243.0,1505,8.677664236,11.55275941,13.92377667,14.52559472,11.23379482,103,3,0,0,0
Keheewin,5250,7.0,1269.0,1271.0,1295.0,1333.0,1410.0,1519.0,16.0,"(53.45024253042074, -113.50451286886053)",407.0,0.16,53.0,59.0,50.0,2569.0,1400,8.282932706,10.79948802,13.15322247,12.84152256,10.43971656,0,4,1,1,0
Skyrattler,5460,7.0,1269.0,1271.0,1295.0,1333.0,1410.0,1519.0,16.0,"(53.450329993722676, -113.5228735177531)",86.0,0.05,50.0,68.0,54.0,1577.0,1459,8.148955314,10.83587014,13.21723945,13.25382114,10.48734988,0,5,0,0,0
Terwillegar Towne,5640,7.0,1269.0,1271.0,1295.0,1333.0,1410.0,1519.0,14.0,"(53.450670254858366, -113.57773843364404)",97.0,0.02,44.0,47.0,35.0,5855.0,1699,8.797025191,11.71633325,14.0425783,15.00956781,11.42256986,0,28,0,0,0
Haddow,5610,7.0,1269.0,1271.0,1295.0,1333.0,1410.0,1519.0,14.0,"(53.45474982269482, -113.59648877723627)",48.0,0.01,27.0,45.0,44.0,3422.0,1750,8.959614558,11.86830973,14.12802022,15.41978066,11.60141601,0,2,0,0,0
Ermineskin,5180,7.0,1269.0,1271.0,1295.0,1333.0,1410.0,1519.0,16.0,"(53.45763949070286, -113.50572830529148)",388.0,0.09,59.0,65.0,55.0,4485.0,1519,7.458514594,9.975106697,12.33156853,12.0860877,9.61588761,0,24,0,0,0
Allendale,5010,7.0,1269.0,1271.0,1295.0,1333.0,1410.0,1519.0,15.0,"(53.502277000041005, -113.50482110987949)",399.0,0.16,67.0,47.0,83.0,2555.0,1250,2.761103594,5.009662478,7.363651738,7.542549917,4.64887317,22,23,0,0,0
Heritage Valley Town Centre,5464,7.0,1269.0,1271.0,1295.0,1333.0,1410.0,1519.0,55.0,"(53.406307783628264, -113.54399048481031)",270.0,0.43,27.0,37.0,39.0,634.0,1575,13.0978577,15.87304619,18.25899553,18.32511188,15.53197513,218,113,0,0,0
Blue Quill,5060,7.0,1269.0,1271.0,1295.0,1333.0,1410.0,1519.0,16.0,"(53.45762652284968, -113.52623651525523)",233.0,0.05,49.0,66.0,54.0,4679.0,1529,7.333682278,10.05279473,12.43734368,12.60163152,9.708068512,0,12,0,0,0
Blue Quill Estates,5070,7.0,1269.0,1271.0,1295.0,1333.0,1410.0,1519.0,16.0,"(53.45762655664967, -113.540194987143)",36.0,0.04,31.0,48.0,33.0,998.0,1562,7.391285847,10.20863934,12.59220583,13.02148342,9.877170222,0,2,0,0,0
Hodgson,5620,7.0,1269.0,1271.0,1295.0,1333.0,1410.0,1519.0,14.0,"(53.45767349895661, -113.5598072004897)",44.0,0.02,46.0,46.0,42.0,2393.0,1542,7.658125848,10.55688056,12.91427696,13.69135546,10.24746839,0,4,0,0,0
Leger,5630,7.0,1269.0,1271.0,1295.0,1333.0,1410.0,1519.0,14.0,"(53.45769067931765, -113.57742198496669)",148.0,0.05,45.0,49.0,42.0,2999.0,1539,8.073619099,10.994788,13.30831183,14.36923024,10.70722646,0,0,0,0,0
Steinhauer,5470,7.0,1269.0,1271.0,1295.0,1333.0,1410.0,1519.0,16.0,"(53.464528819662604, -113.50593802287744)",80.0,0.03,47.0,59.0,43.0,2393.0,1495,6.703375632,9.208248831,11.56534852,11.36979471,8.849100165,1,2,0,0,0
Carter Crest,5130,7.0,1269.0,1271.0,1295.0,1333.0,1410.0,1519.0,14.0,"(53.46488524756335, -113.57780188767926)",14.0,0.01,34.0,44.0,37.0,1364.0,1487,7.366219958,10.28557506,12.58044304,13.75792142,10.00653287,0,0,0,0,0
Ogilvie Ridge,5300,7.0,1269.0,1271.0,1295.0,1333.0,1410.0,1519.0,14.0,"(53.46490391645047, -113.56706908565178)",10.0,0.01,26.0,41.0,32.0,1191.0,1500,7.062133092,9.981043092,12.30997158,13.31393152,9.687181432,0,0,0,0,0
Falconer Heights,5190,7.0,1269.0,1271.0,1295.0,1333.0,1410.0,1519.0,14.0,"(53.46672055024967, -113.58852370186142)",56.0,0.04,59.0,42.0,40.0,1559.0,1558,7.550190379,10.45123644,12.70001418,14.06989595,10.18976262,0,0,0,0,0
Henderson Estates,5230,7.0,1269.0,1271.0,1295.0,1333.0,1410.0,1519.0,14.0,"(53.467635236018154, -113.59744728013634)",14.0,0.01,37.0,40.0,33.0,2058.0,1577,7.808249954,10.68302295,12.89055758,14.40219399,10.43560421,0,0,0,0,0
Westbrook Estates,5540,7.0,1269.0,1271.0,1295.0,1333.0,1410.0,1519.0,16.0,"(53.46821272942084, -113.54445207696077)",34.0,0.03,14.0,35.0,17.0,1175.0,1329,6.272025749,9.132394068,11.5073436,12.15188858,8.811055501,6,2,0,0,0
Greenfield,5220,7.0,1269.0,1271.0,1295.0,1333.0,1410.0,1519.0,16.0,"(53.47107265311551, -113.52750541724342)",110.0,0.03,31.0,48.0,39.0,3808.0,1452,5.837724646,8.582327074,10.96831829,11.3041246,8.242050564,0,2,0,0,0
Duggan,5160,7.0,1269.0,1271.0,1295.0,1333.0,1410.0,1519.0,16.0,"(53.47151002842159, -113.50605757655529)",150.0,0.03,39.0,52.0,42.0,4289.0,1995,5.942626066,8.431234838,10.78883524,10.6488123,8.072110828,0,9,0,0,0
Rhatigan Ridge,5350,7.0,1269.0,1271.0,1295.0,1333.0,1410.0,1519.0,14.0,"(53.47450614555052, -113.58756912095251)",36.0,0.01,43.0,40.0,28.0,3012.0,1935,6.802856361,9.683139488,11.90359846,13.39693184,9.432749933,0,2,0,0,0
Bulyea Heights,5100,7.0,1269.0,1271.0,1295.0,1333.0,1410.0,1519.0,14.0,"(53.474747116841655, -113.5694240101385)",25.0,0.01,21.0,40.0,17.0,3016.0,2045,6.135816936,9.055049726,11.35209468,12.56015338,8.776430879,1,1,0,0,0
Aspen Gardens,5020,7.0,1269.0,1271.0,1295.0,1333.0,1410.0,1519.0,16.0,"(53.47753531391314, -113.5456643078709)",20.0,0.01,20.0,41.0,27.0,1416.0,1309,5.276478056,8.16211702,10.52687257,11.33842175,7.84930718,2,9,0,0,0
Rideau Park,5360,7.0,1269.0,1271.0,1295.0,1333.0,1410.0,1519.0,16.0,"(53.47903247647679, -113.50593303233492)",86.0,0.04,57.0,63.0,32.0,2118.0,1507,5.132764029,7.594194965,9.951714763,9.874628799,7.234921022,0,5,0,0,0
Royal Gardens,5430,7.0,1269.0,1271.0,1295.0,1333.0,1410.0,1519.0,16.0,"(53.47941921545693, -113.52805526262651)",127.0,0.04,35.0,56.0,42.0,3410.0,1517,4.909613673,7.672251558,10.05809839,10.51743188,7.335578466,2,5,0,0,0
Ramsay Heights,5340,7.0,1269.0,1271.0,1295.0,1333.0,1410.0,1519.0,14.0,"(53.48336762348087, -113.57903399186384)",55.0,0.02,25.0,43.0,35.0,3502.0,1469,5.674980241,8.547895215,10.76648562,12.30011425,8.300158705,0,4,0,0,0
Empire Park,5170,7.0,1269.0,1271.0,1295.0,1333.0,1410.0,1519.0,15.0,"(53.484366264270875, -113.50585873132425)",871.0,0.16,70.0,62.0,42.0,5294.0,1527,4.56424684,7.000707775,9.358196285,9.332692763,6.641317145,0,37,0,0,0
Malmo Plains,5280,7.0,1269.0,1271.0,1295.0,1333.0,1410.0,1519.0,15.0,"(53.48567699323439, -113.52899210578676)",142.0,0.04,31.0,55.0,30.0,3472.0,1462,4.215533631,7.000299389,9.38482097,9.963063552,6.667925736,0,8,0,0,0
Lansdowne,5260,7.0,1269.0,1271.0,1295.0,1333.0,1410.0,1519.0,15.0,"(53.486625462961584, -113.54599669912204)",22.0,0.03,18.0,42.0,27.0,871.0,1499,4.308823918,7.214757481,9.565601892,10.54797383,6.911823788,0,7,0,0,0
Calgary Trail North,5110,7.0,1269.0,1271.0,1295.0,1333.0,1410.0,1519.0,41.0,"(53.49015648355935, -113.49406931149764)",1100.0,16.42,36.0,48.0,40.0,67.0,1389,4.28561563,6.417784508,8.724191301,8.426679977,6.05122831,0,0,0,0,0
Brookside,5090,7.0,1269.0,1271.0,1295.0,1333.0,1410.0,1519.0,14.0,"(53.491831258270594, -113.56812781287422)",37.0,0.02,13.0,45.0,23.0,1511.0,1464,4.487021211,7.363013985,9.595295847,11.12616737,7.112997975,1,3,0,0,0
Pleasantview,5320,7.0,1269.0,1271.0,1295.0,1333.0,1410.0,1519.0,15.0,"(53.49317552747084, -113.50713136307714)",303.0,0.08,71.0,60.0,68.0,3705.0,1532,3.609198127,6.01945987,8.381473441,8.496859888,5.661115319,14,12,0,0,0
Lendrum Place,5270,7.0,1269.0,1271.0,1295.0,1333.0,1410.0,1519.0,15.0,"(53.49320004433957, -113.52280579656217)",97.0,0.05,63.0,65.0,46.0,1821.0,1600,3.382556505,6.101429978,8.487474369,9.039390473,5.763386273,1,0,0,0,0
Brander Gardens,5080,7.0,1269.0,1271.0,1295.0,1333.0,1410.0,1519.0,14.0,"(53.495209495311215, -113.57942476354563)",65.0,0.03,34.0,43.0,45.0,2028.0,1359,4.726695901,7.503330768,9.641790698,11.44282803,7.285283864,0,4,0,0,0
Maple Ridge,6410,8.0,1099.0,1091.0,1090.0,1124.0,1129.0,1307.0,42.0,"(53.5020501605512, -113.36306273218038)",58.0,0.06,12.0,26.0,32.0,949.0,1750,11.09071744,10.82181215,11.79008204,8.47549898,10.58552012,0,0,0,0,0
Argyll,6010,8.0,1099.0,1091.0,1090.0,1124.0,1129.0,1307.0,17.0,"(53.503100775120004, -113.46053882474749)",18.0,0.02,40.0,54.0,39.0,756.0,1289,4.920036433,5.819416743,7.76361828,6.426799196,5.473509429,1,1,0,0,0
Hazeldean,6290,8.0,1099.0,1091.0,1090.0,1124.0,1129.0,1307.0,17.0,"(53.504205803580085, -113.4778888991957)",136.0,0.05,66.0,40.0,65.0,2997.0,1587,3.865529864,5.179231093,7.31782539,6.584012701,4.816339907,7,10,0,0,0
CPR Irvine,6110,8.0,1099.0,1091.0,1090.0,1124.0,1129.0,1307.0,41.0,"(53.507526689273476, -113.4905491361126)",193.0,1.12,36.0,48.0,40.0,173.0,1665,2.966221788,4.56324996,6.816368832,6.57065634,4.19527859,0,0,0,0,0
Mill Creek Ravine South,6492,8.0,1099.0,1091.0,1090.0,1124.0,1129.0,1307.0,17.0,"(53.50771159442151, -113.46483608309812)",9.0,0.02,52.0,54.0,30.0,591.0,1375,4.441751939,5.233444686,7.183550878,5.974292585,4.888551886,0,0,0,0,0
Avonmore,6020,8.0,1099.0,1091.0,1090.0,1124.0,1129.0,1307.0,17.0,"(53.50777958181948, -113.45163097798653)",106.0,0.06,53.0,55.0,38.0,1906.0,1450,5.254986734,5.748704472,7.519518992,5.843359715,5.423737281,7,3,0,0,0
King Edward Park,6360,8.0,1099.0,1091.0,1090.0,1124.0,1129.0,1307.0,17.0,"(53.51515115710009, -113.45056960512973)",409.0,0.1,67.0,60.0,60.0,4136.0,1354,5.10995296,5.199521922,6.827384711,5.020071865,4.897057016,28,26,1,5,0
Idylwylde,6320,8.0,1099.0,1091.0,1090.0,1124.0,1129.0,1307.0,18.0,"(53.52162991562302, -113.44911385650465)",152.0,0.09,71.0,62.0,53.0,1740.0,1621,5.124830295,4.810153167,6.264640309,4.294562102,4.537061899,7,12,0,0,0
Kenilworth,6350,8.0,1099.0,1091.0,1090.0,1124.0,1129.0,1307.0,18.0,"(53.52163312262259, -113.43104243926484)",111.0,0.04,50.0,49.0,35.0,2622.0,1504,6.322564015,5.818324853,7.001654385,4.396375458,5.576937212,12,7,0,0,0
Bonnie Doon,6040,8.0,1099.0,1091.0,1090.0,1124.0,1129.0,1307.0,18.0,"(53.52533712511544, -113.46711141152339)",685.0,0.16,70.0,61.0,59.0,4292.0,1454,3.931875155,3.624035799,5.313210319,4.128348626,3.32785506,29,31,0,0,0
Ottewell,6550,8.0,1099.0,1091.0,1090.0,1124.0,1129.0,1307.0,18.0,"(53.531285183984444, -113.43074600678096)",610.0,0.1,45.0,48.0,44.0,5861.0,1400,6.396660902,5.39192677,6.258644507,3.362655083,5.204759817,5,4,0,0,0
Strathearn,6710,8.0,1099.0,1091.0,1090.0,1124.0,1129.0,1307.0,18.0,"(53.53129197947159, -113.4640466579738)",176.0,0.07,53.0,51.0,44.0,2563.0,1816,4.219250806,3.386417902,4.825528929,3.43634111,3.138549045,57,0,0,0,0
Holyrood,6310,8.0,1099.0,1091.0,1090.0,1124.0,1129.0,1307.0,18.0,"(53.531360581789265, -113.45018981983952)",195.0,0.06,52.0,54.0,47.0,3273.0,1545,5.123423648,4.192975828,5.352227336,3.219480289,3.977061673,86,7,0,0,0
Cloverdale,6070,8.0,1099.0,1091.0,1090.0,1124.0,1129.0,1307.0,18.0,"(53.53685804851008, -113.47401190482636)",62.0,0.06,33.0,60.0,50.0,1013.0,1691,3.772855096,2.505319249,3.961414035,3.20260393,2.283223099,0,3,0,0,0
Terrace Heights,6730,8.0,1099.0,1091.0,1090.0,1124.0,1129.0,1307.0,19.0,"(53.54208074325996, -113.43780112969927)",124.0,0.06,55.0,48.0,45.0,2107.0,1350,6.222297738,4.657840191,5.148053963,2.078829193,4.5443749,0,4,1,47,0
Forest Heights,6230,8.0,1099.0,1091.0,1090.0,1124.0,1129.0,1307.0,19.0,"(53.5445370725994, -113.45125000590636)",213.0,0.06,43.0,42.0,53.0,3678.0,1716,5.499702924,3.742698788,4.268942307,1.77792029,3.647915638,55,18,0,0,0
Fulton Place,6240,8.0,1099.0,1091.0,1090.0,1124.0,1129.0,1307.0,19.0,"(53.54629463703151, -113.42746647274248)",87.0,0.04,51.0,47.0,39.0,2285.0,1577,7.027381831,5.30793346,5.498894027,1.958885796,5.230024597,1,9,0,0,0
Gold Bar,6270,8.0,1099.0,1091.0,1090.0,1124.0,1129.0,1307.0,19.0,"(53.548908011823386, -113.41200386812996)",77.0,0.03,40.0,44.0,32.0,2304.0,1719,8.088900424,6.334260161,6.32576937,2.55858689,6.272252386,2,7,0,0,0
Capilano,6061,8.0,1099.0,1091.0,1090.0,1124.0,1129.0,1307.0,19.0,"(53.55467208922095, -113.42279236815314)",68.0,0.03,33.0,39.0,30.0,2712.0,1339,7.689561669,5.676380025,5.445494395,1.634443666,5.658437712,5,1,0,0,0
Sweet Grass,5490,8.0,1099.0,1091.0,1090.0,1124.0,1129.0,1307.0,16.0,"(53.464315902695475, -113.52756884433359)",71.0,0.03,38.0,56.0,35.0,2717.0,1557,6.589708659,9.326634279,11.71229935,11.97128055,8.984576427,0,6,0,0,0
Mill Creek Ravine North,6491,8.0,1099.0,1091.0,1090.0,1124.0,1129.0,1307.0,15.0,"(53.52685779269116, -113.47792345887649)",25.0,0.05,48.0,57.0,24.0,519.0,1350,3.230973045,3.001385605,4.885344767,4.279174803,2.681332321,0,0,0,0,0
Edmonton South East,8886,9.0,1251.0,1268.0,1272.0,1332.0,1430.0,1594.0,33.0,"(53.38130266678533, -113.37682343753188)",0.0,0.0,39.0,44.0,51.0,188.0,1392,18.68586737,20.40838482,22.41361294,20.42436908,20.04875887,0,0,0,0,0
The Orchards At Ellerslie,6216,9.0,1251.0,1268.0,1272.0,1332.0,1430.0,1594.0,53.0,"(53.403087349122, -113.45816601336082)",144.0,0.17,4.0,28.0,12.0,842.0,1450,14.14724932,16.37703109,18.62516054,17.50135028,16.00908979,527,0,0,0,0
Decoteau,6663,9.0,1251.0,1268.0,1272.0,1332.0,1430.0,1594.0,53.0,"(53.410338845277394, -113.36908560883388)",88.0,0.47,16.0,34.0,22.0,186.0,1400,16.36174517,17.79603405,19.67108115,17.43235015,17.44657786,0,0,0,0,0
Summerside,6213,9.0,1251.0,1268.0,1272.0,1332.0,1430.0,1594.0,53.0,"(53.4175276127026, -113.46122737605207)",343.0,0.06,31.0,35.0,39.0,5766.0,1702,12.56342467,14.76214832,17.00596908,15.90811721,14.39413994,2,11,0,0,0
Walker,6662,9.0,1251.0,1268.0,1272.0,1332.0,1430.0,1594.0,53.0,"(53.41765060558255, -113.43043517232874)",309.0,0.35,22.0,34.0,37.0,887.0,1798,13.39306617,15.30590238,17.43243605,15.89306232,14.94027757,25,22,0,0,0
Charlesworth,6661,9.0,1251.0,1268.0,1272.0,1332.0,1430.0,1594.0,53.0,"(53.42854379358836, -113.41813010932303)",373.0,0.14,26.0,35.0,31.0,2682.0,1799,12.78022636,14.48392103,16.52440959,14.76208979,14.12301948,94,25,0,0,0
Ellerslie,6211,9.0,1251.0,1268.0,1272.0,1332.0,1430.0,1594.0,53.0,"(53.42854540916191, -113.45773137925912)",141.0,0.03,38.0,35.0,39.0,5478.0,1495,11.509501,13.61956641,15.83730809,14.67020314,13.25156029,0,21,0,0,0
Crawford Plains,6140,9.0,1251.0,1268.0,1272.0,1332.0,1430.0,1594.0,29.0,"(53.44183745503461, -113.40621587793581)",162.0,0.05,31.0,38.0,39.0,3465.0,1700,12.09197468,13.52307269,15.44541933,13.42670224,13.17117253,2,2,0,0,0
Sakaw,6670,9.0,1251.0,1268.0,1272.0,1332.0,1430.0,1594.0,29.0,"(53.44197993208675, -113.42882827241682)",164.0,0.05,28.0,45.0,40.0,3638.0,1795,11.14645103,12.82859264,14.87822284,13.20053176,12.46750553,0,1,0,0,0
Menisa,6450,9.0,1251.0,1268.0,1272.0,1332.0,1430.0,1594.0,29.0,"(53.442056300744994, -113.44737900912975)",131.0,0.05,25.0,39.0,33.0,2500.0,1300,10.47211227,12.37047776,14.5169015,13.14514265,12.00435868,0,1,0,0,0
Laurel,6444,9.0,1251.0,1268.0,1272.0,1332.0,1430.0,1594.0,30.0,"(53.44579889016164, -113.38147041428071)",299.0,0.02,40.0,42.0,46.0,12100.0,1685,12.93367523,14.05337109,15.80569625,13.42202573,13.71672606,241,10,0,0,0
Satoo,6680,9.0,1251.0,1268.0,1272.0,1332.0,1430.0,1594.0,29.0,"(53.44637282792394, -113.45889160751477)",104.0,0.03,22.0,45.0,32.0,3412.0,1638,9.682790244,11.68299536,13.87585069,12.69460694,11.31545504,0,2,0,0,0
Pollard Meadows,6580,9.0,1251.0,1268.0,1272.0,1332.0,1430.0,1594.0,29.0,"(53.449115019121365, -113.41303221730111)",187.0,0.04,38.0,54.0,33.0,5106.0,1724,11.18591393,12.59513985,14.5212571,12.5473229,12.24335189,2,1,0,0,0
Ekota,6200,9.0,1251.0,1268.0,1272.0,1332.0,1430.0,1594.0,29.0,"(53.449410079810406, -113.44233568136139)",118.0,0.04,35.0,57.0,47.0,2662.0,1425,9.955399102,11.71810115,13.81705216,12.32819865,11.35435626,0,2,0,0,0
Daly Grove,6150,9.0,1251.0,1268.0,1272.0,1332.0,1430.0,1594.0,29.0,"(53.449536501347374, -113.40072733186688)",106.0,0.02,31.0,45.0,31.0,4750.0,1650,11.7175573,12.98161845,14.82870925,12.66808788,12.63658239,0,3,0,0,0
Meyokumin,6460,9.0,1251.0,1268.0,1272.0,1332.0,1430.0,1594.0,29.0,"(53.45011313088706, -113.42725752643224)",157.0,0.05,56.0,65.0,35.0,2927.0,1901,10.48741697,12.05297143,14.06129412,12.30873395,11.69495989,0,1,0,0,0
Meyonohk,6470,9.0,1251.0,1268.0,1272.0,1332.0,1430.0,1594.0,29.0,"(53.45534180636792, -113.45724258632058)",96.0,0.03,45.0,55.0,48.0,2967.0,1750,8.865602679,10.76051263,12.92480431,11.69129479,10.39392131,0,4,0,0,0
Mill Woods Town Centre,6520,9.0,1251.0,1268.0,1272.0,1332.0,1430.0,1594.0,29.0,"(53.456458462877386, -113.42748006004459)",530.0,0.79,72.0,69.0,47.0,675.0,1649,9.937051439,11.41667877,13.3967704,11.60467537,11.0610825,0,0,0,0,0
Bisset,6030,9.0,1251.0,1268.0,1272.0,1332.0,1430.0,1594.0,29.0,"(53.45890549467666, -113.40065946472495)",107.0,0.03,33.0,47.0,42.0,3704.0,1799,11.01256538,12.12356274,13.90816382,11.65831806,11.78511211,1,4,0,0,0
Weinlos,6770,9.0,1251.0,1268.0,1272.0,1332.0,1430.0,1594.0,29.0,"(53.459906787317394, -113.4138360275789)",118.0,0.03,42.0,60.0,41.0,3671.0,1749,10.28889937,11.53972858,13.4083003,11.35607686,11.19365339,0,2,0,0,0
Silver Berry,6442,9.0,1251.0,1268.0,1272.0,1332.0,1430.0,1594.0,30.0,"(53.46115896920189, -113.38140615993143)",270.0,0.03,33.0,41.0,47.0,8053.0,1766,11.86071569,12.7223337,14.35724309,11.81463356,12.39898645,0,5,0,0,0
Tipaskan,6750,9.0,1251.0,1268.0,1272.0,1332.0,1430.0,1594.0,29.0,"(53.46189538282228, -113.45799986563976)",125.0,0.04,50.0,56.0,56.0,2910.0,1679,8.221942557,10.05300334,12.20369463,10.96722425,9.687070291,0,7,0,0,0
Kameyosek,6340,9.0,1251.0,1268.0,1272.0,1332.0,1430.0,1594.0,29.0,"(53.46191874308279, -113.44206793426125)",100.0,0.03,52.0,63.0,52.0,2900.0,1075,8.847151168,10.44407354,12.49431426,10.93667429,10.0837407,0,3,0,0,0
Tawa,6720,9.0,1251.0,1268.0,1272.0,1332.0,1430.0,1594.0,29.0,"(53.46193293968521, -113.42771213060817)",226.0,0.21,53.0,64.0,47.0,1060.0,1661,9.477018183,10.87337224,12.82602498,10.9971925,10.52030516,0,0,0,0,0
Tamarack,6443,9.0,1251.0,1268.0,1272.0,1332.0,1430.0,1594.0,30.0,"(53.464810648262834, -113.3591650787877)",774.0,0.51,38.0,41.0,49.0,1516.0,1774,12.87494344,13.45743853,14.90978554,12.06440935,13.1540104,43,41,0,0,0
Richfield,6600,9.0,1251.0,1268.0,1272.0,1332.0,1430.0,1594.0,29.0,"(53.46948396845185, -113.45861750603322)",158.0,0.05,45.0,53.0,48.0,3490.0,1594,7.506986383,9.244378272,11.37460337,10.12858844,8.879614615,0,9,0,0,0
Lee Ridge,6400,9.0,1251.0,1268.0,1272.0,1332.0,1430.0,1594.0,29.0,"(53.46959297153256, -113.44435531961082)",170.0,0.06,38.0,54.0,47.0,2699.0,1649,8.100002414,9.606501594,11.63665656,10.08033903,9.248016429,0,1,0,0,0
Hillview,6300,9.0,1251.0,1268.0,1272.0,1332.0,1430.0,1594.0,29.0,"(53.469740414037474, -113.4270640039255)",153.0,0.04,30.0,43.0,34.0,3857.0,1446,8.900214899,10.14562144,12.04516785,10.13893973,9.797776757,2,3,0,0,0
Minchau,6530,9.0,1251.0,1268.0,1272.0,1332.0,1430.0,1594.0,29.0,"(53.46982918262529, -113.41276586393289)",93.0,0.03,26.0,45.0,37.0,3480.0,1672,9.617508299,10.66729396,12.45609054,10.28785545,10.32977043,0,2,0,0,0
Wild Rose,6790,9.0,1251.0,1268.0,1272.0,1332.0,1430.0,1594.0,30.0,"(53.47056409010199, -113.38116723880054)",175.0,0.02,39.0,44.0,51.0,7827.0,1732,11.29278957,11.96420692,13.50834233,10.85104833,11.65193959,1,2,0,0,0
Maple,6441,9.0,1251.0,1268.0,1272.0,1332.0,1430.0,1594.0,30.0,"(53.47539365119583, -113.35410220273556)",154.0,0.06,40.0,42.0,46.0,2500.0,1750,12.62120663,12.94504094,14.24657137,11.22037416,12.66053625,221,34,0,0,0
Greenview,6280,9.0,1251.0,1268.0,1272.0,1332.0,1430.0,1594.0,29.0,"(53.47539385786576, -113.42780973626564)",86.0,0.03,26.0,41.0,25.0,2701.0,1638,8.451176902,9.588691463,11.45303986,9.508425854,9.244746111,0,4,0,0,0
Kiniski Gardens,6370,9.0,1251.0,1268.0,1272.0,1332.0,1430.0,1594.0,29.0,"(53.47592374884991, -113.40330287730555)",166.0,0.02,35.0,41.0,30.0,7170.0,1749,9.731393939,10.52815514,12.18687576,9.787460633,10.2047975,1,5,0,0,0
Tweddle Place,6760,9.0,1251.0,1268.0,1272.0,1332.0,1430.0,1594.0,29.0,"(53.47836951514998, -113.45916009578747)",67.0,0.02,33.0,57.0,32.0,3178.0,1619,6.716521241,8.311530107,10.4104233,9.147060345,7.948951912,0,1,0,0,0
Michaels Park,6480,9.0,1251.0,1268.0,1272.0,1332.0,1430.0,1594.0,29.0,"(53.47957488804893, -113.44621358088335)",82.0,0.04,36.0,58.0,36.0,2281.0,1597,7.223278667,8.561013752,10.54912797,8.969096842,8.206654407,21,2,0,0,0
Jackson Heights,6330,9.0,1251.0,1268.0,1272.0,1332.0,1430.0,1594.0,29.0,"(53.48166024147494, -113.41084771740064)",105.0,0.02,20.0,38.0,24.0,4449.0,1649,8.967280616,9.717778789,11.37980928,9.037021356,9.395306043,0,7,0,0,0
Maple Ridge Industrial,6420,9.0,1251.0,1268.0,1272.0,1332.0,1430.0,1594.0,42.0,"(53.49800897213869, -113.35636503434607)",35.0,0.05,5.0,23.0,2.0,681.0,1750,11.6270995,11.42622096,12.41855142,9.106057897,11.18500212,0,0,0,0,0
Larkspur,6390,9.0,1251.0,1268.0,1272.0,1332.0,1430.0,1594.0,30.0,"(53.48021045766002, -113.3812399485388)",327.0,0.06,49.0,42.0,39.0,5222.0,1749,10.76618087,11.21916999,12.65516123,9.871218121,10.92090924,4,4,0,0,0
Highlands,2330,10.0,972.0,996.0,982.0,1004.0,1079.0,1184.0,9.0,"(53.565998589832105, -113.43017053067386)",263.0,0.1,54.0,45.0,54.0,2721.0,1395,7.935577711,5.534396468,4.744424699,1.215076696,5.60457505,9,7,0,0,0
Montrose,2550,10.0,972.0,996.0,982.0,1004.0,1079.0,1184.0,6.0,"(53.575116228996094, -113.44223031309009)",352.0,0.11,49.0,52.0,54.0,3108.0,1275,8.002503503,5.322827907,4.007436508,1.67987151,5.474875316,10,8,0,0,1
Westwood,1250,10.0,972.0,996.0,982.0,1004.0,1079.0,1184.0,8.0,"(53.575942355230865, -113.49858458554775)",354.0,0.12,64.0,62.0,62.0,2912.0,1229,6.117133524,3.246760572,0.8625013228,3.921201547,3.587180645,10,47,0,0,0
Eastwood,1100,10.0,972.0,996.0,982.0,1004.0,1079.0,1184.0,5.0,"(53.576104614724045, -113.46873040170777)",815.0,0.19,73.0,58.0,54.0,4231.0,1395,6.987190296,4.112739577,2.343738917,2.341586849,4.350398451,0,23,0,0,0
Newton,2560,10.0,972.0,996.0,982.0,1004.0,1079.0,1184.0,6.0,"(53.5764243717906, -113.42453203190698)",152.0,0.05,47.0,48.0,40.0,2973.0,1371,8.954577749,6.385861098,5.186968789,2.288397009,6.506270318,1,2,0,0,0
Delton,1080,10.0,972.0,996.0,982.0,1004.0,1079.0,1184.0,5.0,"(53.57904638440942, -113.48244944670745)",219.0,0.11,55.0,56.0,45.0,1991.0,1385,6.829704543,3.908492041,1.738090212,3.217986435,4.203942668,16,10,0,0,0
Balwin,2020,10.0,972.0,996.0,982.0,1004.0,1079.0,1184.0,2.0,"(53.58795101014664, -113.455075346126)",278.0,0.07,60.0,50.0,38.0,3866.0,1388,8.585689197,5.708394599,3.77515623,3.154996325,5.949199017,19,3,0,0,0
Athlone,3010,10.0,972.0,996.0,982.0,1004.0,1079.0,1184.0,1.0,"(53.58802604242831, -113.55098211995585)",119.0,0.04,29.0,45.0,24.0,2958.0,1349,7.362988374,5.373512642,3.928828032,7.634596168,5.722110101,0,3,0,0,0
Calder,3070,10.0,972.0,996.0,982.0,1004.0,1079.0,1184.0,1.0,"(53.58805578085307, -113.52887205475145)",388.0,0.1,33.0,44.0,30.0,4015.0,1025,7.184579186,4.755579886,2.833201818,6.325897499,5.122706733,19,10,0,0,0
Killarney,2420,10.0,972.0,996.0,982.0,1004.0,1079.0,1184.0,2.0,"(53.5884886931544, -113.47956836765157)",383.0,0.09,58.0,53.0,41.0,4045.0,1415,7.866568562,4.948370123,2.671073008,3.87071491,5.254070921,8,13,0,0,0
Belvedere,2080,10.0,972.0,996.0,982.0,1004.0,1079.0,1184.0,2.0,"(53.59105689738217, -113.43606293177528)",971.0,0.19,63.0,56.0,35.0,5133.0,1329,9.605938622,6.795286001,5.023110782,3.496880523,7.001622169,16,7,2,228,1
Rosslyn,3390,10.0,972.0,996.0,982.0,1004.0,1079.0,1184.0,1.0,"(53.59575774027457, -113.50428716133167)",216.0,0.07,51.0,62.0,30.0,2990.0,1424,8.17127181,5.401901489,3.048358997,5.547173035,5.757715161,0,4,0,0,0
Wellington,3430,10.0,972.0,996.0,982.0,1004.0,1079.0,1184.0,1.0,"(53.59583297304488, -113.55269493377908)",220.0,0.08,39.0,45.0,23.0,2883.0,1397,8.235774168,6.178899515,4.553681563,8.125142426,6.533653416,0,9,0,0,0
Glengarry,2290,10.0,972.0,996.0,982.0,1004.0,1079.0,1184.0,2.0,"(53.59585546337682, -113.479611721532)",592.0,0.21,57.0,59.0,32.0,2824.0,1450,8.625121807,5.715925626,3.385565369,4.564699286,6.031518798,0,6,0,0,0
Kensington,3250,10.0,972.0,996.0,982.0,1004.0,1079.0,1184.0,1.0,"(53.595862607025026, -113.52892377487876)",179.0,0.05,42.0,49.0,21.0,3795.0,1489,8.05331587,5.591958146,3.548637912,6.796982566,5.959884186,0,3,0,0,0
Delwood,2230,10.0,972.0,996.0,982.0,1004.0,1079.0,1184.0,2.0,"(53.595948943096154, -113.45513034887446)",199.0,0.06,57.0,48.0,37.0,3482.0,1050,9.339925035,6.435301396,4.346404592,4.031999341,6.697714719,2,2,0,0,0
Lauderdale,3260,10.0,972.0,996.0,982.0,1004.0,1079.0,1184.0,1.0,"(53.58844884895879, -113.50425618926072)",312.0,0.11,48.0,58.0,32.0,2788.0,1412,7.372764558,4.589294117,2.23654245,4.997413,4.944557428,2,7,0,0,0
Virginia Park,1240,10.0,972.0,996.0,982.0,1004.0,1079.0,1184.0,9.0,"(53.56088810350603, -113.45029682958366)",54.0,0.09,37.0,39.0,47.0,632.0,1300,6.534159816,4.084888367,3.505087078,0.3172072723,4.157001616,1,1,0,0,0
Parkdale,1160,10.0,972.0,996.0,982.0,1004.0,1079.0,1184.0,5.0,"(53.56571569922305, -113.47135037879477)",767.0,0.22,78.0,60.0,78.0,3409.0,1275,5.944040157,3.157002294,2.030792885,1.810525156,3.343271699,29,10,0,0,0
Bellevue,2060,10.0,972.0,996.0,982.0,1004.0,1079.0,1184.0,9.0,"(53.56641743646995, -113.44594247138558)",174.0,0.18,49.0,48.0,51.0,974.0,1330,7.15415338,4.604568574,3.698510059,0.6964502475,4.710632836,2,2,0,0,0
Elmwood Park,1130,10.0,972.0,996.0,982.0,1004.0,1079.0,1184.0,5.0,"(53.57959138448323, -113.46091680878322)",137.0,0.12,53.0,53.0,37.0,1174.0,1139,7.598289925,4.741951983,2.972230797,2.386778962,4.968907121,0,5,0,0,1
Rundle Heights,2660,11.0,1192.0,1180.0,1194.0,1230.0,1317.0,1404.0,23.0,"(53.56322137782017, -113.39192226141765)",253.0,0.09,43.0,38.0,52.0,2914.0,1445,9.944830582,7.864652303,7.294071591,3.577564815,7.873641123,0,0,0,0,0
Beverly Heights,2100,11.0,1192.0,1180.0,1194.0,1230.0,1317.0,1404.0,23.0,"(53.56412226688728, -113.40265235200434)",428.0,0.13,53.0,42.0,45.0,3381.0,1300,9.36086179,7.199129218,6.57750309,2.884167862,7.222061628,2,12,0,0,0
Beacon Heights,2040,11.0,1192.0,1180.0,1194.0,1230.0,1317.0,1404.0,23.0,"(53.57353937729379, -113.40604010217766)",205.0,0.07,57.0,46.0,44.0,3055.0,1300,9.723725359,7.333445183,6.360627274,3.01828763,7.40939065,14,3,1,6,0
Abbottsfield,2010,11.0,1192.0,1180.0,1194.0,1230.0,1317.0,1404.0,23.0,"(53.57414343327946, -113.38875800528291)",162.0,0.13,49.0,46.0,36.0,1220.0,1445,10.71820769,8.419650849,7.50698141,4.078991607,8.47758812,0,3,0,0,0
Bergman,2090,11.0,1192.0,1180.0,1194.0,1230.0,1317.0,1404.0,23.0,"(53.57956358670845, -113.40966725276705)",60.0,0.03,31.0,46.0,23.0,1908.0,1300,9.933843536,7.414179289,6.219339911,3.217317774,7.523985694,4,0,0,0,0
Homesteader,2350,11.0,1192.0,1180.0,1194.0,1230.0,1317.0,1404.0,35.0,"(53.584720420012744, -113.40645880030745)",217.0,0.07,45.0,48.0,31.0,3084.0,1599,10.46404559,7.888162172,6.562395606,3.77060928,8.014989388,0,5,0,0,0
Kernohan,2390,11.0,1192.0,1180.0,1194.0,1230.0,1317.0,1404.0,35.0,"(53.589399782126065, -113.3801643112191)",146.0,0.06,37.0,38.0,40.0,2539.0,1568,12.14803389,9.653832818,8.379820836,5.423726419,9.762162547,2,2,0,0,0
Belmont,2070,11.0,1192.0,1180.0,1194.0,1230.0,1317.0,1404.0,35.0,"(53.59312408343794, -113.39437923875707)",202.0,0.04,45.0,45.0,28.0,5415.0,1479,11.68148286,9.068902024,7.619530248,5.000030388,9.208740762,0,2,0,0,0
Sifton Park,2710,11.0,1192.0,1180.0,1194.0,1230.0,1317.0,1404.0,35.0,"(53.59452510263165, -113.40840160415829)",113.0,0.05,58.0,54.0,32.0,2228.0,1514,11.11348199,8.414020182,6.82653354,4.551939416,8.580020849,0,2,0,0,0
Clareview Town Centre,2145,11.0,1192.0,1180.0,1194.0,1230.0,1317.0,1404.0,35.0,"(53.60194780693877, -113.40689125219888)",2100.0,0.93,56.0,57.0,21.0,2260.0,1565,11.78186272,9.026970226,7.302382026,5.312671432,9.213216072,11,13,0,0,0
York,2720,11.0,1192.0,1180.0,1194.0,1230.0,1317.0,1404.0,2.0,"(53.60284342250439, -113.4302123105938)",190.0,0.05,63.0,54.0,34.0,3934.0,1445,10.88543502,8.031107601,6.089014956,4.859364998,8.259686566,0,6,0,0,0
Hairsine,2320,11.0,1192.0,1180.0,1194.0,1230.0,1317.0,1404.0,35.0,"(53.603837718331235, -113.39092316162758)",90.0,0.03,45.0,43.0,66.0,2620.0,1254,12.66452374,9.965439089,8.326457088,6.064283993,10.13329161,0,6,0,0,0
Bannerman,2030,11.0,1192.0,1180.0,1194.0,1230.0,1317.0,1404.0,35.0,"(53.60394967918678, -113.37862372103365)",175.0,0.06,38.0,37.0,36.0,2872.0,1479,13.2627034,10.61679836,9.057523819,6.592990754,10.7686921,0,7,0,0,0
McLeod,2530,11.0,1192.0,1180.0,1194.0,1230.0,1317.0,1404.0,2.0,"(53.61035321319482, -113.43667134683787)",77.0,0.03,33.0,46.0,27.0,2566.0,1447,11.34351869,8.446015871,6.349169148,5.617829416,8.70225078,0,1,0,0,0
Fraser,2280,11.0,1192.0,1180.0,1194.0,1230.0,1317.0,1404.0,35.0,"(53.611113791940525, -113.37366969834983)",155.0,0.05,20.0,35.0,30.0,2960.0,1775,14.04724699,11.36275359,9.717192136,7.408956867,11.52729429,155,19,0,0,0
Casselman,2130,11.0,1192.0,1180.0,1194.0,1230.0,1317.0,1404.0,2.0,"(53.61134852932065, -113.42413210059294)",146.0,0.04,37.0,47.0,27.0,3309.0,1495,11.89061956,9.021533965,7.013884166,5.872732442,9.258742128,0,5,0,0,0
Kirkness,2430,11.0,1192.0,1180.0,1194.0,1230.0,1317.0,1404.0,35.0,"(53.611416204824735, -113.38839885136557)",157.0,0.02,35.0,41.0,30.0,7170.0,1500,13.38638593,10.64160714,8.897318483,6.850175266,10.82566343,9,6,0,0,0
Ebbers,2251,11.0,1192.0,1180.0,1194.0,1230.0,1317.0,1404.0,2.0,"(53.611424777633275, -113.40102959757573)",53.0,0.07,45.0,54.0,32.0,724.0,2474,12.8304662,10.03768391,8.20515392,6.425776762,10.23937911,0,3,0,0,0
Miller,2541,11.0,1192.0,1180.0,1194.0,1230.0,1317.0,1404.0,2.0,"(53.61154400692141, -113.41110627437439)",187.0,0.06,32.0,47.0,29.0,3263.0,1480,12.41944785,9.590323414,7.681387557,6.159712057,9.807329538,0,2,0,0,0
Rural North East South Sturgeon,2690,11.0,1192.0,1180.0,1194.0,1230.0,1317.0,1404.0,51.0,"(53.61898141939035, -113.31614073170843)",35.0,0.03,2.0,16.0,4.0,1285.0,2798,17.51435843,14.9793756,13.51200159,10.78998167,15.10463973,1,0,0,0,0
Brintnell,2110,11.0,1192.0,1180.0,1194.0,1230.0,1317.0,1404.0,3.0,"(53.621394396676344, -113.40711431891364)",115.0,0.02,29.0,35.0,30.0,5066.0,1595,13.45431763,10.59720016,8.600134468,7.277474047,10.8283386,0,2,0,0,0
Hollick-Kenyon,2340,11.0,1192.0,1180.0,1194.0,1230.0,1317.0,1404.0,3.0,"(53.62224418234196, -113.4222878615544)",163.0,0.03,39.0,35.0,39.0,5026.0,1570,12.97004811,10.07543043,7.969732632,7.080897358,10.32958147,0,13,0,0,0
Matt Berry,2500,11.0,1192.0,1180.0,1194.0,1230.0,1317.0,1404.0,3.0,"(53.62225395930331, -113.43602152876804)",67.0,0.02,31.0,37.0,47.0,4144.0,1699,12.51135889,9.596404095,7.402610592,6.940129994,9.870559368,0,2,0,0,0
Evergreen,2270,11.0,1192.0,1180.0,1194.0,1230.0,1317.0,1404.0,51.0,"(53.632240591468204, -113.35048376128464)",60.0,0.06,9.0,20.0,24.0,997.0,1300,16.79478087,14.0569654,12.27338717,10.20149595,14.24075448,0,0,0,0,0
Cy Becker,2611,11.0,1192.0,1180.0,1194.0,1230.0,1317.0,1404.0,3.0,"(53.63236275901925, -113.40692407461462)",58.0,0.03,24.0,39.0,24.0,1900.0,1725,14.46677399,11.57980613,9.486681861,8.435258451,11.82868732,172,1,0,0,0
McConachie,2522,11.0,1192.0,1180.0,1194.0,1230.0,1317.0,1404.0,3.0,"(53.636453048288004, -113.43131250554053)",252.0,0.03,30.0,42.0,32.0,8100.0,1657,14.05629213,11.13604948,8.89022519,8.544028661,11.4206239,312,23,0,0,0
Marquis,2671,11.0,1192.0,1180.0,1194.0,1230.0,1317.0,1404.0,51.0,"(53.65058566615271, -113.32596417109045)",13.0,0.19,6.0,18.0,14.0,70.0,3085,19.39170837,16.63528417,14.79469342,12.80890397,16.82652456,92,0,0,0,0
Edmonton Energy And Technology Park,2681,11.0,1192.0,1180.0,1194.0,1230.0,1317.0,1404.0,50.0,"(53.67823189399229, -113.3800601957547)",34.0,0.07,4.0,17.0,9.0,461.0,1351,19.75462879,16.84197461,14.6332934,13.83951398,17.11278899,0,0,0,0,0
Canon Ridge,2120,11.0,1192.0,1180.0,1194.0,1230.0,1317.0,1404.0,35.0,"(53.5787889552352, -113.3792165041167)",98.0,0.08,26.0,44.0,48.0,1201.0,1695,11.5280508,9.197581751,8.193290143,4.866134698,9.265053959,0,4,0,0,0
Overlanders,2590,11.0,1192.0,1180.0,1194.0,1230.0,1317.0,1404.0,35.0,"(53.58101065034532, -113.38817648181885)",137.0,0.05,25.0,44.0,19.0,2507.0,1479,11.16993104,8.754780476,7.647385391,4.459893873,8.841218011,0,17,0,0,0
Lorelei,3280,11.0,1192.0,1180.0,1194.0,1230.0,1317.0,1404.0,27.0,"(53.62459274077493, -113.50446576585736)",149.0,0.03,44.0,51.0,35.0,4278.0,1658,11.34182475,8.6092938,6.25542724,8.159692866,8.966280447,0,2,0,0,0
Pembina,3340,12.0,1279.0,1249.0,1240.0,1254.0,1320.0,1449.0,27.0,"(53.603167658034536, -113.54284506988225)",224.0,0.13,30.0,43.0,18.0,1684.0,1781,8.931879806,6.64764135,4.732821566,8.02086584,7.012683463,0,2,0,0,0
Northmount,2580,12.0,1279.0,1249.0,1240.0,1254.0,1320.0,1449.0,2.0,"(53.60320534682862, -113.47962880470851)",328.0,0.1,50.0,54.0,31.0,3443.0,1509,9.392789914,6.494981018,4.138175683,5.292370651,6.817556363,0,7,0,0,0
Kildare,2400,12.0,1279.0,1249.0,1240.0,1254.0,1320.0,1449.0,2.0,"(53.60329283639778, -113.45515009551443)",420.0,0.13,60.0,47.0,34.0,3129.0,1385,10.05304065,7.136413143,4.955753315,4.841250694,7.413578852,0,4,0,0,0
Hudson,3480,12.0,1279.0,1249.0,1240.0,1254.0,1320.0,1449.0,27.0,"(53.604587411333966, -113.5533957565913)",83.0,0.06,23.0,41.0,24.0,1470.0,1529,9.199162167,7.066888642,5.286382151,8.680642899,7.426783736,0,2,0,0,0
Baranow,3020,12.0,1279.0,1249.0,1240.0,1254.0,1320.0,1449.0,27.0,"(53.60514463104835, -113.53587266453894)",1300.0,0.78,31.0,45.0,21.0,1670.0,1662,9.106561201,6.710425988,4.673831954,7.794629575,7.077949731,0,2,2,243,1
Griesbach,3111,12.0,1279.0,1249.0,1240.0,1254.0,1320.0,1449.0,27.0,"(53.60680836887645, -113.5042291461543)",370.0,0.12,31.0,57.0,24.0,3055.0,1615,9.384532528,6.631143216,4.276688414,6.480363899,6.987431524,433,55,0,0,0
Kilkenny,2410,12.0,1279.0,1249.0,1240.0,1254.0,1320.0,1449.0,2.0,"(53.610377929359544, -113.45511917442329)",222.0,0.04,41.0,45.0,41.0,5804.0,1457,10.75654675,7.835668063,5.595958105,5.623838052,8.123774894,0,3,0,0,0
Evansdale,2260,12.0,1279.0,1249.0,1240.0,1254.0,1320.0,1449.0,2.0,"(53.61084111037154, -113.47956893162089)",255.0,0.05,41.0,54.0,29.0,5479.0,1545,10.20017431,7.314657995,4.943646354,6.070849135,7.642471921,0,7,2,328,0
Beaumaris,3040,12.0,1279.0,1249.0,1240.0,1254.0,1320.0,1449.0,27.0,"(53.61842233825658, -113.50500707158315)",226.0,0.05,37.0,55.0,25.0,4338.0,1395,10.65625266,7.921911809,5.57032224,7.58191692,8.279152997,1,5,0,0,0
Dunluce,3180,12.0,1279.0,1249.0,1240.0,1254.0,1320.0,1449.0,27.0,"(53.621472988694656, -113.53018332452554)",195.0,0.03,22.0,45.0,30.0,6490.0,1735,10.90484762,8.394875684,6.199979333,8.825136182,8.762534867,0,7,0,0,0
Eaux Claires,2241,12.0,1279.0,1249.0,1240.0,1254.0,1320.0,1449.0,28.0,"(53.6216388347344, -113.48563719272002)",385.0,0.12,49.0,54.0,36.0,3242.0,1400,11.24792335,8.404115628,6.018218595,7.336254728,8.744188457,0,2,0,0,0
Carlton,3470,12.0,1279.0,1249.0,1240.0,1254.0,1320.0,1449.0,27.0,"(53.62165163543048, -113.55937325047627)",85.0,0.03,6.0,31.0,30.0,2593.0,1690,11.13907432,8.963333694,7.050447371,10.17470892,9.326588668,0,3,0,0,0
Ozerna,2600,12.0,1279.0,1249.0,1240.0,1254.0,1320.0,1449.0,28.0,"(53.622275154794266, -113.44902424999296)",64.0,0.01,25.0,38.0,39.0,4366.0,1640,12.12530195,9.204136585,6.934304454,6.916604508,9.497217912,0,1,0,0,0
Mayliewan,2511,12.0,1279.0,1249.0,1240.0,1254.0,1320.0,1449.0,28.0,"(53.622290298766785, -113.46026446170166)",78.0,0.02,28.0,38.0,38.0,4530.0,1615,11.83169841,8.917970918,6.59324885,6.981942924,9.226894477,0,0,0,0,0
Belle Rive,2050,12.0,1279.0,1249.0,1240.0,1254.0,1320.0,1449.0,28.0,"(53.62230017573994, -113.47359649235716)",71.0,0.02,35.0,42.0,28.0,3826.0,1485,11.53534044,8.6487562,6.278853969,7.158811999,8.975150458,0,0,0,0,0
Baturyn,3030,12.0,1279.0,1249.0,1240.0,1254.0,1320.0,1449.0,27.0,"(53.63097982527694, -113.50433944798633)",185.0,0.04,30.0,40.0,32.0,5028.0,1375,12.04821757,9.320167185,6.96579887,8.787141264,9.677198785,0,1,0,0,0
Schonsee,2700,12.0,1279.0,1249.0,1240.0,1254.0,1320.0,1449.0,28.0,"(53.63236248729287, -113.45514587942287)",83.0,0.07,24.0,34.0,44.0,1124.0,1665,12.99881234,10.08679242,7.755147405,8.060198582,10.39695797,21,4,0,0,0
Albany,3460,12.0,1279.0,1249.0,1240.0,1254.0,1320.0,1449.0,27.0,"(53.6323821398393, -113.5494643322466)",198.0,0.11,24.0,43.0,27.0,1800.0,1857,12.21262046,9.872489954,7.791182251,10.57523554,10.23997547,257,111,0,0,0
Lago Lindo,2450,12.0,1279.0,1249.0,1240.0,1254.0,1320.0,1449.0,28.0,"(53.636039092648886, -113.48464731674068)",81.0,0.02,38.0,39.0,30.0,3601.0,1550,12.82357333,9.996327743,7.610479806,8.830443407,10.33909305,2,1,0,0,0
Canossa,3080,12.0,1279.0,1249.0,1240.0,1254.0,1320.0,1449.0,27.0,"(53.636192230399715, -113.5226863308244)",57.0,0.02,14.0,39.0,20.0,3080.0,1992,12.5423725,9.948682087,7.670958865,9.879547108,10.31390533,0,2,0,0,0
Klarvatten,2440,12.0,1279.0,1249.0,1240.0,1254.0,1320.0,1449.0,28.0,"(53.63722398137361, -113.47666510945415)",100.0,0.02,26.0,36.0,31.0,4612.0,1797,13.07524717,10.21913667,7.835285713,8.818903016,10.55500121,11,4,0,0,0
Crystallina Nera West,2463,12.0,1279.0,1249.0,1240.0,1254.0,1320.0,1449.0,28.0,"(53.64031050897715, -113.45919996932167)",120.0,0.04,32.0,40.0,35.0,3000.0,1767,13.73753826,10.83932697,8.481417801,8.965206208,11.15899923,22,24,0,0,0
Elsinore,3190,12.0,1279.0,1249.0,1240.0,1254.0,1320.0,1449.0,27.0,"(53.640763391998256, -113.4994021462004)",57.0,0.04,9.0,33.0,15.0,1516.0,1505,13.17003742,10.42056427,8.053835228,9.650321409,10.77485487,25,0,0,0,0
Chambery,3120,12.0,1279.0,1249.0,1240.0,1254.0,1320.0,1449.0,27.0,"(53.64076376483925, -113.51176139221641)",61.0,0.04,7.0,29.0,23.0,1509.0,1594,13.08443832,10.41048984,8.08017016,9.980990242,10.77141757,0,2,0,0,0
Oxford,3320,12.0,1279.0,1249.0,1240.0,1254.0,1320.0,1449.0,27.0,"(53.62219780043192, -113.54729168143149)",70.0,0.02,28.0,38.0,31.0,2983.0,2120,11.07004549,8.746256089,6.70520517,9.641212648,9.113249924,1,2,0,0,0
Carlisle,3090,12.0,1279.0,1249.0,1240.0,1254.0,1320.0,1449.0,27.0,"(53.60352021881101, -113.52591462611406)",153.0,0.04,24.0,46.0,22.0,3549.0,1412,8.903778783,6.378957259,4.224496557,7.178749112,6.746803061,0,4,0,0,0
Cumberland,3150,12.0,1279.0,1249.0,1240.0,1254.0,1320.0,1449.0,27.0,"(53.61056256755815, -113.55318813558542)",140.0,0.02,17.0,34.0,30.0,6106.0,1600,9.849748249,7.66711398,5.800633605,9.06470746,8.02965722,0,1,0,0,0
Caernarvon,3060,12.0,1279.0,1249.0,1240.0,1254.0,1320.0,1449.0,27.0,"(53.6118997513244, -113.52640171562766)",208.0,0.05,25.0,46.0,30.0,4024.0,1440,9.836362602,7.302027129,5.109642027,7.857706089,7.669550405,0,1,0,0,0
