Neighbourhood_Name,Neighbourhood_Number,CMHC_Zone,rent_2019,rent_2020,rent_2021,rent_2022,rent_2023,rent_2024,City_Zone,Center_Location,Crime_Occurances,Crime_Rate,Walk_Score,Transit_Score,Bike_Score,Population,rent_2025,Distance to U of A (km),Distance to MacEwan (km),Distance to NAIT (km),Distance to Concordia (km),Distance to NorQuest (km),New_Residential_Units_2023,Num_Current_Listings,Supportive_Housing_Count,Supportive_Units,Shelters_Count,
Oliver,1151,1,1175,1199,1196,1237,1320,1395,12,"(53.49733975842764, -113.60876578846745)",1698,0.10,55,68,72,16283,1625,6.197466966,8.715200759,10.63030792,12.87888361,8.557175195,0,253,0,0,0,
Rossdale,1220,1,1175,1199,1196,1237,1320,1395,12,"(53.53315473446558, -113.49579654462286)",80,0.09,63,78,59,917,1550,2.290546217,1.751927318,3.94334074,4.480646283,1.396329752,0,11,0,0,0,
Downtown,1090,1,1175,1199,1196,1237,1320,1395,12,"(53.539766593635115, -113.49942076578088)",4679,0.38,64,57,50,12400,2241,2.53979949,0.9921105132,3.191702114,4.224471631,0.6575788545,11,242,0,0,2,
Riverdale,1210,1,1175,1199,1196,1237,1320,1395,13,"(53.54410729046791, -113.4690108824121)",88,0.04,44,61,56,1987,1528,4.437202638,2.577100675,3.464214841,2.363548922,2.470151453,2,8,1,44,0,
Boyle Street,1020,1,1175,1199,1196,1237,1320,1395,13,"(53.54763104592711, -113.47926288088948)",1400,0.23,76,68,77,6089,1405,4.115211101,1.873894969,2.748391955,2.627240911,1.834563565,237,29,0,0,3,
McCauley,1140,1,1175,1199,1196,1237,1320,1395,13,"(53.55460510238498, -113.48509801676677)",2173,0.44,89,73,85,4893,1670,4.408790843,1.696480804,1.888588839,2.68521018,1.831125374,0,19,0,0,6,
Alberta Avenue,1010,1,1175,1199,1196,1237,1320,1395,5,"(53.568485381370216, -113.48511916939452)",878,0.14,80,66,70,6494,1475,5.70113217,2.79022691,1.096236571,2.773284458,3.06080403,39,18,0,0,0,
Patricia Heights,4390,1,1175,1199,1196,1237,1320,1395,22,"(53.5075640569012, -113.59229331898594)",45,0.03,19,51,26,1638,1600,4.723002495,7.14978122,9.053556945,11.34854173,7.001650594,1,5,0,0,0,
River Valley Victoria,1200,1,1175,1199,1196,1237,1320,1395,,"(53.53499679217865, -113.52369571038119)",86,0.10,54,61,59,820,1783,1.289077481,1.735491612,3.995460272,5.881722808,1.531918386,0,0,0,0,0,
Cromdale,1070,1,1175,1199,1196,1237,1320,1395,9,"(53.55906091683242, -113.469043089566)",243,0.14,61,55,73,1722,1299,5.483058703,2.868817208,2.399067939,1.553824875,2.980663133,1,56,0,0,0,
Westmount,3440,2,1001,1005,1033,1047,1110,1214,7,"(53.54999520578563, -113.53997646884534)",458,0.08,40,57,56,5748,2168,3.082567064,2.172330146,3.262986734,6.351720034,2.330327511,28,31,3,167,0,
Queen Mary Park,1180,2,1001,1005,1033,1047,1110,1214,8,"(53.55332064222554, -113.51965422615388)",889,0.14,42,63,58,6400,1319,3.345970848,1.049349211,2.059702175,4.961880185,1.361580082,16,94,0,0,0,
Strathcona Industrial Park,6700,3,,,,,,,41,"(53.474056405958414, -113.47877608200726)",283,,36,48,40,0,,6.345084764,8.367560178,10.61066786,9.831626208,7.999494935,0,0,0,0,0,
University of Alberta Farm,5530,3,,,,,,,,"(53.49818431640077, -113.5320005115689)",50,,38,48,33,0,,2.844874645,5.698042823,8.070844146,8.964184308,5.381091651,0,0,0,0,0,
Central McDougall,1030,2,1001,1005,1033,1047,1110,1214,8,"(53.55333182850342, -113.50106809464475)",1500,0.30,77,74,81,5001,1182,3.71633018,0.7999249725,1.678936766,3.749271994,1.090359421,4,0,0,0,0,
Strathcona Junction,5151,3,,,,,,,41,"(53.508200457290414, -113.49469029434448)",164,,36,48,40,0,,2.703501381,4.429749591,6.717358171,6.634009507,4.061917309,0,0,0,0,0,
Prince Rupert,1170,2,1001,1005,1033,1047,1110,1214,8,"(53.56459450197771, -113.52411765326903)",1939,1.42,39,53,33,1365,1583,4.573741552,2.220588843,1.547105699,5.221569565,2.575412439,5,6,0,0,0,
Spruce Avenue,1230,2,1001,1005,1033,1047,1110,1214,8,"(53.56463543349929, -113.49950159270514)",655,0.33,73,68,63,1972,1267,4.909146994,2.005606507,0.4441823334,3.601690008,2.335905547,25,17,0,0,0,
Inglewood,3240,2,1001,1005,1033,1047,1110,1214,7,"(53.56460646699409, -113.54085217126553)",651,0.10,41,54,52,6326,1265,4.673137057,2.933413515,2.630676846,6.32643607,3.239146397,157,62,2,47,0,
Grandview Heights,5210,3,1157,1154,1155,1176,1229,1383,15,"(53.501164827865296, -113.54891011910658)",20,0.02,11,51,27,1051,4650,2.904593168,5.818265414,8.113572596,9.485977363,5.546647897,9,1,0,0,0,
Belgravia,5040,3,1157,1154,1155,1176,1229,1383,15,"(53.51179560303294, -113.53272944431215)",69,0.03,25,60,51,2002,2100,1.37245295,4.286323632,6.62930511,7.892888684,3.994417698,6,26,0,0,0,
Queen Alexandra,5330,3,1157,1154,1155,1176,1229,1383,15,"(53.512219718827524, -113.50481243737059)",1261,0.27,73,54,92,4606,1597,1.901791868,3.90401618,6.257574808,6.621813755,3.542617467,24,39,0,0,0,
McKernan,5290,3,1157,1154,1155,1176,1229,1383,15,"(53.51275883935857, -113.52044221101723)",109,0.04,45,62,65,2495,1600,1.259537781,3.934223767,6.317943544,7.239669317,3.605861085,40,42,0,0,0,
Ritchie,6610,3,1157,1154,1155,1176,1229,1383,17,"(53.513275101362, -113.48274211548578)",537,0.14,71,52,83,3731,1957,3.107220007,4.124031775,6.263552034,5.768297898,3.762667265,39,10,0,0,1,
Garneau,5200,3,1157,1154,1155,1176,1229,1383,15,"(53.519910825386674, -113.51353555933932)",416,0.06,57,60,81,6986,1569,0.9381919111,3.069845477,5.455157632,6.349271385,2.728139038,65,125,0,0,0,
Strathcona,5480,3,1157,1154,1155,1176,1229,1383,15,"(53.52239020329985, -113.4909855535488)",602,0.07,78,55,87,8404,1644,2.346771962,2.977291238,5.170851056,5.167051164,2.613920726,18,95,0,0,0,
University of Alberta,5520,3,1157,1154,1155,1176,1229,1383,15,"(53.52357681357174, -113.52284716422139)",574,0.90,61,61,49,637,1195,0.2303176267,2.824836929,5.183873431,6.538970227,2.528585486,0,0,0,0,0,
Windsor Park,5580,3,1157,1154,1155,1176,1229,1383,15,"(53.52407815950066, -113.53686248367437)",65,0.05,27,53,44,1254,1530,0.7020428564,3.231116768,5.458089426,7.257923124,3.008119676,10,39,0,0,0,
Parkallen,5310,3,1157,1154,1155,1176,1229,1383,15,"(53.50309581321912, -113.51746134884462)",69,0.03,35,60,68,2144,1487,2.347873222,4.959283193,7.344606113,7.937363037,4.6167633,20,13,0,0,0,
McQueen,3300,4,1030,1029,1019,1057,1102,1184,21,"(53.554938228106195, -113.57184249461682)",109,0.06,28,49,26,1693,1300,4.619097351,4.3476365,4.885985649,8.381677058,4.512170176,1,2,0,0,0,
Parkview,3330,4,1030,1029,1019,1057,1102,1184,10,"(53.52406036577422, -113.56791414349783)",111,0.03,39,39,39,3322,1444,2.759351954,4.764275223,6.606931569,9.045482613,4.652804525,18,6,0,0,0,
Glenora,3200,4,1030,1029,1019,1057,1102,1184,11,"(53.544904705240754, -113.55704251222033)",150,0.04,46,56,55,3547,1672,3.132807577,3.292736,4.507052404,7.574378648,3.36684543,28,7,0,0,0,
Grovenor,3210,4,1030,1029,1019,1057,1102,1184,21,"(53.54539881342909, -113.57191166581072)",134,0.06,40,56,45,2337,1414,3.881765925,4.272916264,5.313382668,8.526820519,4.353742906,99,20,0,0,0,
Dominion Industrial,3160,4,,,,,,,40,"(53.57582979380243, -113.57185127525071)",112,,22,42,27,0,"1,600.00",6.55761459,5.317731635,4.722285681,8.539938554,5.603859115,0,0,0,0,0,
North Glenora,3310,4,1030,1029,1019,1057,1102,1184,7,"(53.5549408887816, -113.55826514910287)",105,0.05,35,55,50,1977,1252,4.088381394,3.469878833,4.039081254,7.484322271,3.653493581,52,8,0,0,0,
Prince Charles,3350,4,1030,1029,1019,1057,1102,1184,4,"(53.57563545261752, -113.53600199095251)",222,0.16,45,48,44,1392,1311,5.83564163,3.678833958,2.412555238,6.227755101,4.030843645,32,13,0,0,0,
Sherbrooke,3410,4,1030,1029,1019,1057,1102,1184,4,"(53.575663208477806, -113.5472856344579)",170,0.07,37,49,38,2478,1536,5.967408037,4.115091773,3.128071885,6.950018453,4.446852048,3,7,0,0,0,
Dovercourt,3170,4,1030,1029,1019,1057,1102,1184,4,"(53.57572651757001, -113.55953411087015)",105,0.05,26,49,24,2151,1272,6.213483759,4.681222119,3.919077637,7.740306659,4.989444528,2,4,0,0,0,
Laurier Heights,3270,4,1030,1029,1019,1057,1102,1184,10,"(53.51425496966398, -113.56933192828389)",77,0.03,24,38,32,2512,1365,3.033693381,5.503665023,7.513675386,9.660699438,5.336085915,9,0,0,0,0,
Woodcroft,3450,4,1030,1029,1019,1057,1102,1184,7,"(53.56459542426348, -113.55832687208344)",669,0.25,43,55,24,2639,1391,5.039936298,3.880294773,3.778096588,7.48126023,4.139539153,0,3,0,0,0,
Elmwood,4140,5,1035,1032,1016,1038,1103,1195,22,"(53.515738255479256, -113.60599332912918)",117,0.05,31,60,22,2545,1587,5.355202055,7.412160582,9.066615741,11.72315205,7.32447335,1,4,0,0,0,
Jasper Park,4230,5,1035,1032,1016,1038,1103,1195,22,"(53.52307006685602, -113.58410530166327)",286,0.14,50,53,36,2019,1000,3.832897795,5.747114829,7.438460838,10.06329957,5.66389403,24,9,0,0,0,
Meadowlark Park,4310,5,1035,1032,1016,1038,1103,1195,22,"(53.52553194474322, -113.59655415449808)",203,0.07,40,56,23,2811,1374,4.663453718,6.378901325,7.895446438,10.71943848,6.330483956,0,7,0,0,0,
West Meadowlark Park,4590,5,1035,1032,1016,1038,1103,1195,22,"(53.52560545214229, -113.60905865145068)",373,0.10,37,60,27,3702,1509,5.492284122,7.150231216,8.565850507,11.49406674,7.11722333,0,3,0,0,0,
High Park Industrial,4210,5,,,,,,,21,"(53.56103990718348, -113.58424824276739)",47,,30,40,34,0,"1,244.00",5.673221745,5.310958658,5.532973279,9.18346637,5.503459408,0,4,0,0,0,
Garside Industrial,4170,5,,,,,,,40,"(53.56674982075394, -113.58417782455811)",66,,40,46,32,0,"1,400.00",6.152957605,5.523447194,5.469883568,9.206903739,5.748487,0,0,0,0,0,
Mitchell Industrial,4330,5,,,,,,,,"(53.574015777184755, -113.58420113305871)",34,,25,42,30,0,"1,628.00",6.804687041,5.889140305,5.503270918,9.307029815,6.14806156,0,0,0,0,0,
Sherwood,4500,5,1035,1032,1016,1038,1103,1195,22,"(53.52910176694538, -113.58414504980918)",101,0.07,44,48,29,1363,1536,3.884919895,5.467030266,7.002173411,9.808898464,5.424069503,20,4,0,0,0,
West Jasper Place,4580,5,1035,1032,1016,1038,1103,1195,22,"(53.53662987117308, -113.58414434574873)",458,0.15,44,57,33,3074,1300,4.10275105,5.215250529,6.511152601,9.545049207,5.227968143,64,23,0,0,0,
Canora,4090,5,1035,1032,1016,1038,1103,1195,21,"(53.546193442280206, -113.58421460413187)",355,0.11,36,57,34,3358,1515,4.593899899,5.084751063,6.003498444,9.313002985,5.172177167,12,38,0,0,0,
Britannia Youngstown,4060,5,1035,1032,1016,1038,1103,1195,21,"(53.54629461971565, -113.60151037109307)",457,0.10,36,55,29,4533,1150,5.592894301,6.230752413,7.059778118,10.44328249,6.318109159,13,13,0,0,0,
High Park,4200,5,1035,1032,1016,1038,1103,1195,21,"(53.55498578225787, -113.5841992583502)",402,0.26,28,46,28,1561,1577,5.195121249,5.154049549,5.669426528,9.198413935,5.306823286,36,4,0,0,0,
Mayfield,4290,5,1035,1032,1016,1038,1103,1195,21,"(53.5550180328723, -113.59817021652945)",119,0.06,29,45,19,1992,1372,5.914473613,6.069530318,6.566157465,10.12239757,6.212447396,4,2,0,0,0,
Quesnell Heights,4420,5,1035,1032,1016,1038,1103,1195,22,"(53.509354322966445, -113.57353363357674)",8,0.02,34,52,28,330,1800,3.50638482,6.079349213,8.118329341,10.19088094,5.898931087,0,0,0,0,0,
Lynnwood,4280,5,1035,1032,1016,1038,1103,1195,22,"(53.515701325038734, -113.58990906542579)",84,0.03,44,54,26,3266,1449,4.306693021,6.494526258,8.284888917,10.76753874,6.380086618,0,6,0,0,0,
Crestwood,3140,5,1035,1032,1016,1038,1103,1195,10,"(53.53543354824776, -113.56903784929617)",108,0.05,51,50,46,2278,1514,3.127780914,4.285043113,5.780275277,8.6282195,4.26987906,7,7,0,0,0,
Riverview Area,4463,6,1279,1262,1258,1287,1365,1509,57,"(53.42506456427833, -113.6639766862537)",5,0.01,1,23,33,400,,14.26942854,17.11164546,19.24992369,20.88090258,16.8797702,0,1,0,0,0,
Stillwater,4468,6,1279,1262,1258,1287,1365,1509,57,"(53.44325386891211, -113.67674311534861)",38,0.15,1,23,22,255,,13.39858957,16.127943,18.13770198,20.10984281,15.93179548,65,17,0,0,0,
The Uplands,4464,6,1279,1262,1258,1287,1365,1509,57,"(53.461707245994, -113.65739134608921)",78,0.29,1,23,33,269,,11.09084471,13.76743607,15.74005795,17.81469098,13.58345759,205,35,0,0,0,
Edgemont,4462,6,1279,1262,1258,1287,1365,1509,57,"(53.46974341660044, -113.67084271935684)",130,0.04,1,23,33,3500,1767,11.30547252,13.85044424,15.70075661,18.01071714,13.69648534,480,185,0,0,0,
Cameron Heights,4466,6,1279,1262,1258,1287,1365,1509,20,"(53.474126648696625, -113.63435942674349)",20,0.03,2,23,34,633,1618,9.034637521,11.70695905,13.69583486,15.75901816,11.5219579,7,10,0,0,0,
Wedgewood Heights,4570,6,1279,1262,1258,1287,1365,1509,20,"(53.4787144942962, -113.64658024116764)",15,0.02,22,28,31,979,1389,9.41017073,11.97053573,13.85766387,16.11704566,11.81093735,0,0,0,0,0,
Donsdale,4120,6,1279,1262,1258,1287,1365,1509,20,"(53.48563017460971, -113.63546017525792)",13,0.01,32,30,39,1311,4110,8.380104369,10.91169654,12.79117939,15.07506205,10.75628887,1,0,0,0,0,
The Hamptons,4461,6,1279,1262,1258,1287,1365,1509,58,"(53.48738559961549, -113.6756873811716)",179,0.02,32,30,32,8073,2050,10.6955841,12.99338372,14.64597713,17.27225001,12.88597068,4,0,0,0,0,
Jamieson Place,4220,6,1279,1262,1258,1287,1365,1509,20,"(53.48870738325546, -113.64901968121586)",58,0.02,33,34,39,3756,1825,9.016119701,11.42596682,13.19771989,15.65659504,11.29520163,0,1,0,0,0,
Ormsby Place,4380,6,1279,1262,1258,1287,1365,1509,20,"(53.49910557146923, -113.64276057125781)",101,0.02,35,39,33,4889,1750,8.188890265,10.44836873,12.12542543,14.73076231,10.34201364,0,4,0,0,0,
Glastonbury,4720,6,1279,1262,1258,1287,1365,1509,58,"(53.5031873362953, -113.66986988320716)",183,0.05,30,33,23,3793,1475,9.788121679,11.83128369,13.3070084,16.16257872,11.76415127,46,5,0,0,0,
Granville,4551,6,1279,1262,1258,1287,1365,1509,58,"(53.504871648389766, -113.68279691182721)",126,0.07,25,30,16,1742,1815,10.58574796,12.54454994,13.93687654,16.88486826,12.49239826,5,3,0,0,0,
Lymburn,4270,6,1279,1262,1258,1287,1365,1509,20,"(53.507532410348745, -113.64230021562753)",128,0.02,23,44,31,5545,1675,7.896707719,9.971585841,11.52602602,14.29328086,9.893863737,0,2,0,0,0,
Morin Industrial,4340,6,,,,,,,,"(53.544920700156055, -113.63360526733402)",135,,25,42,30,0,"1,098.00",7.501849645,8.361457238,9.126287859,12.57089862,8.441346871,0,0,0,0,0,
Stone Industrial,4510,6,,,,,,,,"(53.544958219425084, -113.62167138131025)",585,,44,55,26,0,,6.757649971,7.57067316,8.370334019,11.78706922,7.650365295,0,0,0,0,0,
Sunwapta Industrial,4530,6,,,,,,,,"(53.54497845847601, -113.64594419410999)",49,,36,56,25,0,,8.283579743,9.178820454,9.910787555,13.38083785,9.25930243,0,0,0,0,0,
Edmiston Industrial,4130,6,,,,,,,40,"(53.56584736999517, -113.63274685341838)",30,,32,45,30,0,"1,353.00",8.483270749,8.552416976,8.689402324,12.41211208,8.72618367,0,0,0,0,0,
Aldergrove,4020,6,1279,1262,1258,1287,1365,1509,20,"(53.51688846994692, -113.6412419909567)",83,0.02,23,59,21,5010,1519,7.658233953,9.489032517,10.88577817,13.83190919,9.446291734,0,3,0,0,0,
Potter Greens,4710,6,1279,1262,1258,1287,1365,1509,58,"(53.51827868887517, -113.6726003231069)",40,0.03,19,44,12,1407,2980,9.719864682,11.41106688,12.63079501,15.75070659,11.39573146,0,0,0,0,0,
Rosenthal,4750,6,1279,1262,1258,1287,1365,1509,58,"(53.51975263330063, -113.70120995113002)",103,0.03,41,42,48,3700,,11.60729074,13.20238845,14.29357021,17.52836917,13.20566303,185,32,0,0,0,
Suder Greens,4730,6,1279,1262,1258,1287,1365,1509,58,"(53.52458649056212, -113.6772761921058)",82,0.04,18,44,13,1881,1655,10.01243541,11.53434478,12.62126287,15.85628059,11.54324833,0,0,0,0,0,
Kendal,5573,7,,,,,,,,"(53.4030146119634, -113.62698763054175)",,,20,31,36,,"1,300.00",14.9858799,17.9064683,20.20058119,21.23183529,17.62352859,0,0,0,0,0,
Belmead,4040,6,1279,1262,1258,1287,1365,1509,20,"(53.525602960949286, -113.64101499679995)",854,0.18,25,57,29,4797,1489,7.610276486,9.17293403,10.39333781,13.50909321,9.166577074,0,8,0,0,0,
River Valley Kendal,5571,7,,,,,,,,"(53.40459674375974, -113.64700240747504)",,,18,31,35,0,,15.4733595,18.38107904,20.62714354,21.87259606,18.11519532,0,0,0,0,0,
La Perle,4240,6,1279,1262,1258,1287,1365,1509,20,"(53.533087545724655, -113.64070859781111)",159,0.03,22,47,30,4593,1737,7.660123665,8.969280335,10.01936802,13.27502863,8.995839632,0,4,0,0,0,
Terra Losa,4540,6,1279,1262,1258,1287,1365,1509,20,"(53.53329320007971, -113.62217806434573)",549,0.24,28,50,27,2246,1426,6.449273988,7.758291966,8.892629212,12.076275,7.776824883,0,2,0,0,0,
Secord,4487,6,1279,1262,1258,1287,1365,1509,58,"(53.53386206881386, -113.70135225077067)",212,0.41,2,24,12,518,1495,11.6641514,12.93605356,13.78240251,17.19910131,12.98287268,355,66,0,0,0,
River Valley Keswick,5572,7,,,,,,,,"(53.41653293864678, -113.65408106228833)",,,18,31,35,0,,14.62059426,17.50266681,19.69930237,21.14011405,17.25313543,0,0,0,0,0,
Lewis Farms Industrial,4485,6,1279,1262,1258,1287,1365,1509,58,"(53.53754834040025, -113.6828640973079)",54,0.61,22,36,21,89,1450,10.4974963,11.67378145,12.49082437,15.92218822,11.72939964,0,0,0,0,0,
Cashman,5466,7,,,,,,,55,"(53.41745757632684, -113.50069470009342)",124,,27,37,39,0,,11.9262696,14.45353607,16.80077148,16.29692436,14.09271278,0,0,0,0,0,
Anthony Henday South West,4012,6,1279,1262,1258,1287,1365,1509,,"(53.485005625366284, -113.65888300615327)",28,0.01,36,52,36,2011,1895,9.78484854,12.19875089,13.95991601,16.42988046,12.06866993,0,0,0,0,0,
River Valley Oleskiw,4451,6,1279,1262,1258,1287,1365,1509,,"(53.48885107422511, -113.60142818223238)",0,0.00,27,34,31,622,1628,6.30264696,9.003019379,11.05338706,13.02696877,8.807167318,0,0,0,0,0,
Dechene,4110,6,1279,1262,1258,1287,1365,1509,20,"(53.49043609387975, -113.6359530507595)",28,0.01,36,39,28,1869,2714,8.152902821,10.60949393,12.43448571,14.81471881,10.46818473,0,0,0,0,0,
Gariepy,4160,6,1279,1262,1258,1287,1365,1509,20,"(53.49359649611536, -113.6226568962673)",28,0.02,37,39,34,1803,1733,7.207252074,9.694542233,11.56305925,13.87991286,9.545163815,0,0,0,0,0,
Callingwood South,4080,6,1279,1262,1258,1287,1365,1509,20,"(53.50051487931529, -113.62303087351475)",294,0.06,52,41,47,4808,1599,6.907947394,9.260095226,11.03912159,13.50541734,9.134084661,0,29,0,0,0,
Westridge,4610,6,1279,1262,1258,1287,1365,1509,22,"(53.50562209269329, -113.60137155550291)",33,0.03,19,47,28,1284,1250,5.362450553,7.759422779,9.619680972,11.97656701,7.61958166,1,0,0,0,0,
Rio Terrace,4430,6,1279,1262,1258,1287,1365,1509,22,"(53.50731420851918, -113.58454862423845)",21,0.02,10,46,26,1196,1750,4.263050719,6.77166655,8.742861517,10.92679578,6.607079279,3,3,0,0,0,
Callingwood North,4070,6,1279,1262,1258,1287,1365,1509,20,"(53.50759781942617, -113.62302473067683)",120,0.04,32,53,36,2742,1549,6.655247521,8.840383669,10.51438137,13.13464143,8.740684648,0,29,0,0,0,
Breckenridge Greens,4700,6,1279,1262,1258,1287,1365,1509,58,"(53.516525721975796, -113.68435099579185)",22,0.01,12,37,17,2033,1950,10.51080605,12.21387771,13.41711048,16.55296118,12.19918188,0,0,0,0,0,
Thorncliff,4560,6,1279,1262,1258,1287,1365,1509,20,"(53.51669839372241, -113.62282783087267)",121,0.03,32,66,21,3694,1644,6.446101945,8.368025187,9.88146441,12.70265347,8.306319142,0,14,0,0,0,
Summerlea,4520,6,1279,1262,1258,1287,1365,1509,20,"(53.52562655378806, -113.6226333201063)",208,0.10,44,62,23,2104,1452,6.391958663,8.00263536,9.325868387,12.34502486,7.982696581,0,2,0,0,0,
Webber Greens,4740,6,1279,1262,1258,1287,1365,1509,58,"(53.53030969388328, -113.67660757308009)",53,0.08,15,38,13,655,1773,9.995319994,11.36746187,12.34666261,15.66500997,11.39621731,1,6,0,0,0,
Whitemud Creek Ravine Twin Brooks,5565,7,,,,,,,,"(53.44281490110788, -113.54468951252323)",0,,16,33,31,0,"1,250.00",9.0645512,11.88306743,14.2670325,14.61999282,11.55063295,0,0,0,0,0,
Glenwood,4180,6,1279,1262,1258,1287,1365,1509,22,"(53.536416563291034, -113.60276981012993)",681,0.14,44,54,29,4963,1400,5.268916774,6.428346465,7.588396424,10.74341069,6.453342813,47,25,0,0,0,
Stewart Greens,4486,6,1279,1262,1258,1287,1365,1509,58,"(53.53756690004989, -113.670460633271)",30,0.03,22,36,21,896,,9.685257413,10.8551128,11.70204238,15.11060136,10.90864762,0,0,0,0,0,
Anthony Henday,4011,6,1279,1262,1258,1287,1365,1509,,"(53.54111020661211, -113.66151531556345)",38,0.04,34,51,33,1025,,9.175971389,10.23085671,11.02101978,14.46264087,10.29654083,0,0,0,0,0,
Oleskiw,4360,6,1279,1262,1258,1287,1365,1509,22,"(53.54198293050736, -113.52399393494247)",35,0.01,20,36,32,2429,1809,2.0605949,1.239602145,3.292807249,5.571735032,1.196794901,1,0,0,0,0,
Westview Village,4620,6,1279,1262,1258,1287,1365,1509,59,"(53.55222205586075, -113.69666819933443)",93,0.10,8,25,17,897,1100,11.73721675,12.5487349,13.04688035,16.65756484,12.65292732,0,0,0,0,0,
Winterburn Industrial Area West,4670,6,1279,1262,1258,1287,1365,1509,59,"(53.56280361434664, -113.70139052289608)",147,0.09,5,24,2,1718,2167,12.40200968,12.96391829,13.24782991,16.94749855,13.09907006,0,0,0,0,0,
Armstrong Industrial,4030,6,1279,1262,1258,1287,1365,1509,40,"(53.56586317129349, -113.6212631985515)",74,0.44,30,47,27,170,,7.862615324,7.816618294,7.928948093,11.65234592,7.998495025,0,0,0,0,0,
Kinglet Gardens,4477,6,1279,1262,1258,1287,1365,1509,59,"(53.577379047227296, -113.70141745981881)",35,0.25,6,24,10,138,1922,13.06221102,13.27766717,13.27019598,17.05182925,13.45294845,130,9,0,0,0,
Kinokamau Plains Area,4475,6,1279,1262,1258,1287,1365,1509,40,"(53.58508423157136, -113.62044143125405)",58,0.26,30,47,27,222,1400,9.266046177,8.584343835,8.083472442,11.90560538,8.836958814,0,0,0,0,0,
Hawks Ridge,4473,6,1279,1262,1258,1287,1365,1509,59,"(53.58845698097355, -113.70146644240913)",32,0.04,6,24,10,742,1637,13.67343779,13.64268412,13.4208447,17.23499589,13.84530214,103,3,0,0,0,
Coronet Industrial,6100,8,,,,,,,41,"(53.49396620625019, -113.47897563491995)",80,,36,48,40,0,"1,318.00",4.548070215,6.226360308,8.421127165,7.691341613,5.859595868,0,0,0,0,0,
Roper Industrial,6640,8,,,,,,,41,"(53.495800246566475, -113.43043074542231)",154,,36,48,40,0,,7.070197002,7.677798337,9.360665009,7.234132122,7.35722969,0,0,0,0,0,
Pylypow Industrial,6590,8,,,,,,,,"(53.49728765544971, -113.40598877698807)",123,,42,54,41,0,,8.500147417,8.734135484,10.14445494,7.476033615,8.444887523,0,0,0,0,0,
Davies Industrial West,6170,8,,,,,,,41,"(53.498436167356076, -113.45036037331224)",100,,36,48,40,0,,5.760866351,6.625892292,8.498697033,6.876893175,6.285851634,0,0,0,0,0,
Trumpeter Area,4471,6,1279,1262,1258,1287,1365,1509,59,"(53.59090324416165, -113.67660454942941)",36,0.02,6,24,10,1600,,12.46724273,12.20942687,11.85432585,15.67543039,12.43214849,67,6,0,0,0,
Starling,4474,6,1279,1262,1258,1287,1365,1509,59,"(53.592278137022475, -113.65781577781112)",47,0.03,6,24,10,1500,,11.59729341,11.14626862,10.67803328,14.50014267,11.38545269,0,8,0,0,0,
Edmonton South West,8888,7,1269,1271,1295,1333,1410,1519,31,"(53.366549010896065, -113.64742426149267)",15,0.09,39,44,51,159,,19.23420322,22.15533675,24.46302969,25.37477339,21.866059,0,0,0,0,0,
Davies Industrial East,6160,8,,,,,,,41,"(53.50618932070824, -113.4331390974537)",86,,36,48,40,0,,6.475107707,6.725349645,8.282571307,6.064129081,6.424149447,0,0,0,0,0,
Edmonton South Central,8887,7,1269,1271,1295,1333,1410,1519,32,"(53.366757392119766, -113.58612683163992)",43,0.51,39,44,51,85,1482,17.89372622,20.75642207,23.13355141,23.45951179,20.43107875,0,0,0,0,0,
Desrochers Area,5463,7,1269,1271,1295,1333,1410,1519,55,"(53.39967245522028, -113.55302309853884)",90,0.08,27,37,39,1100,1586,13.89728986,16.70129351,19.08698209,19.23123413,16.3643632,126,3,0,0,0,
Allard,5458,7,1269,1271,1295,1333,1410,1519,55,"(53.40130058621988, -113.5266410946518)",115,0.02,34,50,49,6800,1645,13.60245499,16.29410087,18.67257578,18.47970641,15.94348678,14,5,0,0,0,
Weir Industrial,6780,8,,,,,,,,"(53.51176506118672, -113.40610727517284)",87,,41,52,46,0,,8.080413598,7.799816727,8.937743872,5.991102595,7.551512426,0,0,0,0,0,
Chappelle,5462,7,1269,1271,1295,1333,1410,1519,55,"(53.40308104313948, -113.58684392227269)",297,0.04,27,37,39,8300,1852,13.99407631,16.88858621,19.24981431,19.83618368,16.57499951,352,31,0,0,0,
Gainer Industrial,6250,8,,,,,,,,"(53.51611056560108, -113.42451661060224)",29,,48,46,37,0,"1,070.00",6.802504094,6.505124087,7.748673035,5.099369231,6.249280659,0,0,0,0,0,
Morris Industrial,6540,8,,,,,,,,"(53.5205070474015, -113.40287507920408)",35,,36,47,41,0,"2,100.00",8.194214154,7.550867012,8.444745489,5.246624007,7.339371703,0,0,0,0,0,
Cavanagh,5467,7,1269,1271,1295,1333,1410,1519,55,"(53.4059814953449, -113.51201888482001)",61,0.06,27,37,39,956,1100,13.11590992,15.72646696,18.09092633,17.71588492,15.36979943,31,1,0,0,0,
Callaghan,5457,7,1269,1271,1295,1333,1410,1519,55,"(53.4073451635787, -113.52679196283633)",77,0.08,19,33,44,949,1639,12.92975196,15.62431785,18.00352173,17.8400543,15.27417547,98,17,0,0,0,
Lambton Industrial,6380,8,,,,,,,,"(53.52226920949267, -113.41384788948952)",44,,42,42,35,0,,7.460725453,6.805639414,7.762835901,4.715488016,6.590020691,0,0,0,0,0,
Paisley,5469,7,1269,1271,1295,1333,1410,1519,55,"(53.4140098320313, -113.55927311996521)",30,0.02,27,37,39,1300,,12.38289232,15.22284452,17.60460575,17.92907713,14.89320531,71,4,0,0,0,
Rutherford,5454,7,1269,1271,1295,1333,1410,1519,55,"(53.41676484779562, -113.52978802448754)",150,0.02,24,36,41,6903,1795,11.88359283,14.5985156,16.98064171,16.90801721,14.25070853,0,14,0,0,0,
Keswick,5574,7,1269,1271,1295,1333,1410,1519,56,"(53.41758706862364, -113.63221244612657)",130,0.07,22,32,36,1900,1114,13.72763254,16.63728402,18.89046386,20.12731823,16.36970185,324,42,0,0,0,
Glenridding Heights,5578,7,1269,1271,1295,1333,1410,1519,56,"(53.41759919038519, -113.60666038260204)",68,0.02,22,32,36,3800,1925,12.93955188,15.8605001,18.17395563,19.12958977,15.57049217,238,15,0,0,0,
Eastgate Business Park,6180,8,,,,,,,42,"(53.53401374224747, -113.40635118777548)",110,,8,24,17,0,,8.040797353,6.867572851,7.386878587,3.906556638,6.717946104,0,0,0,0,0,
Hays Ridge Area,5465,7,1269,1271,1295,1333,1410,1519,55,"(53.41762228220526, -113.57770281807092)",29,0.07,27,37,39,438,2956,12.26992571,15.16158972,17.52467998,18.1238711,14.84718648,32,0,0,0,0,
Blackmud Creek,5453,7,1269,1271,1295,1333,1410,1519,55,"(53.41966051994985, -113.51078782887589)",54,0.03,39,36,45,1882,1672,11.60500241,14.20289458,16.56654077,16.22355542,13.84591453,0,1,0,0,0,
Graydon Hill,5468,7,1269,1271,1295,1333,1410,1519,55,"(53.421257265220234, -113.55929691911105)",17,0.03,27,37,39,604,1707,11.59013211,14.43851002,16.81846119,17.20105369,14.11105078,0,7,0,0,0,
Richford,5451,7,1269,1271,1295,1333,1410,1519,55,"(53.42726985859359, -113.50739446923973)",15,0.02,32,36,32,688,1745,10.78565336,13.35437157,15.71319848,15.34718662,12.99600818,1,0,0,0,0,
MacEwan,5452,7,1269,1271,1295,1333,1410,1519,55,"(53.42874568503817, -113.52694799663772)",269,0.06,28,37,35,4351,1577,10.54804422,13.25296772,15.63463222,15.58911762,12.90472638,1,9,0,0,0,
Blackburne,5590,7,1269,1271,1295,1333,1410,1519,55,"(53.42907132874183, -113.49830890626279)",10,0.01,15,34,22,1156,1674,10.67496302,13.16809666,15.50970374,15.00226923,12.80621922,0,0,0,0,0,
Edmonton South Central East,8885,9,,,,,,,33,"(53.38126479866277, -113.45516359879298)",5,,39,44,51,0,,16.52291081,18.7989193,21.05628747,19.92036446,18.43117116,0,0,0,0,0,
Ambleside,5505,7,1269,1271,1295,1333,1410,1519,56,"(53.43064140009593, -113.6006766240175)",235,0.13,28,33,38,1741,1729,11.45543433,14.37661366,16.68178107,17.70941657,14.09063336,5,16,0,0,0,
Windermere,5570,7,1269,1271,1295,1333,1410,1519,56,"(53.432341721819526, -113.62668789063943)",430,0.55,17,30,35,779,1841,12.14017279,15.03792324,17.2676941,18.61975105,14.77913263,42,39,0,0,0,
Mattson,6667,9,,,,,,,53,"(53.403141113281414, -113.430407385962)",29,,23,34,30,,"1,707.00",14.83486745,16.83726299,18.99245008,17.50502845,16.47045887,4,2,0,0,0,
Mactaggart,5477,7,1269,1271,1295,1333,1410,1519,14,"(53.437903117432406, -113.56104656101327)",46,0.01,62,50,56,3400,1622,9.803747085,12.67871628,15.05011191,15.6131517,12.35915686,1,1,0,0,0,
Ellerslie Industrial,6214,9,,,,,,,54,"(53.4139843472626, -113.4881529665484)",286,,18,32,26,0,800,12.45148841,14.8886273,17.21058082,16.51151892,14.52430493,0,0,0,0,0,
Meltwater,6668,9,,,,,,,53,"(53.41518464722883, -113.40584157834991)",15,,23,34,30,0,"1,170.00",14.47012872,16.17539615,18.20096061,16.35044227,15.8151083,0,0,0,0,0,
South Terwillegar,5642,7,1269,1271,1295,1333,1410,1519,14,"(53.44024696928342, -113.57902407054075)",169,0.02,42,50,37,9800,,9.906432441,12.82058065,15.15974194,16.01334173,12.52008144,1,0,0,0,0,
Bearspaw,5030,7,1269,1271,1295,1333,1410,1519,16,"(53.44346178229486, -113.50052801092731)",29,0.02,23,49,34,1824,1395,9.073142129,11.56163015,13.90673129,13.48873535,11.2002167,0,0,0,0,0,
Twin Brooks,5511,7,1269,1271,1295,1333,1410,1519,16,"(53.444688598338075, -113.53149747768364)",63,0.01,19,44,26,4975,1745,8.780336539,11.52607379,13.91151899,14.0570902,11.18319544,0,2,0,0,0,
Magrath Heights,5476,7,1269,1271,1295,1333,1410,1519,14,"(53.447688501239554, -113.5567204318348)",69,0.03,45,44,26,2243,1505,8.677664236,11.55275941,13.92377667,14.52559472,11.23379482,103,3,0,0,0,
Alces,6669,9,,,,,,,53,"(53.43321723990721, -113.35606800230053)",,,23,34,30,,,15.12532884,16.19135052,17.88147548,15.32869473,15.85964889,16,0,0,0,0,
Keheewin,5250,7,1269,1271,1295,1333,1410,1519,16,"(53.45024253042074, -113.50451286886053)",407,0.16,53,59,50,2569,1400,8.282932706,10.79948802,13.15322247,12.84152256,10.43971656,0,4,1,1,0,
Skyrattler,5460,7,1269,1271,1295,1333,1410,1519,16,"(53.450329993722676, -113.5228735177531)",86,0.05,50,68,54,1577,1459,8.148955314,10.83587014,13.21723945,13.25382114,10.48734988,0,5,0,0,0,
Terwillegar Towne,5640,7,1269,1271,1295,1333,1410,1519,14,"(53.450670254858366, -113.57773843364404)",97,0.02,44,47,35,5855,1699,8.797025191,11.71633325,14.0425783,15.00956781,11.42256986,0,28,0,0,0,
Haddow,5610,7,1269,1271,1295,1333,1410,1519,14,"(53.45474982269482, -113.59648877723627)",48,0.01,27,45,44,3422,1750,8.959614558,11.86830973,14.12802022,15.41978066,11.60141601,0,2,0,0,0,
Edmonton Research and Development Park,6190,9,,,,,,,,"(53.44622031239629, -113.47303198803755)",11,,22,41,32,0,,9.301956611,11.47592548,13.73156502,12.81055009,11.10799301,0,0,0,0,0,
Ermineskin,5180,7,1269,1271,1295,1333,1410,1519,16,"(53.45763949070286, -113.50572830529148)",388,0.09,59,65,55,4485,1519,7.458514594,9.975106697,12.33156853,12.0860877,9.61588761,0,24,0,0,0,
South Edmonton Common,6195,9,,,,,,,,"(53.446694303499584, -113.48607861166045)",675,,28,49,40,0,"1,840.00",8.957923776,11.28267557,13.58617811,12.9100006,10.91654698,0,0,0,0,0,
Allendale,5010,7,1269,1271,1295,1333,1410,1519,15,"(53.502277000041005, -113.50482110987949)",399,0.16,67,47,83,2555,1250,2.761103594,5.009662478,7.363651738,7.542549917,4.64887317,22,23,0,0,0,
Heritage Valley Town Centre,5464,7,1269,1271,1295,1333,1410,1519,55,"(53.406307783628264, -113.54399048481031)",270,0.43,27,37,39,634,1575,13.0978577,15.87304619,18.25899553,18.32511188,15.53197513,218,113,0,0,0,
Blackmud Creek Ravine,5050,7,1269,1271,1295,1333,1410,1519,,"(53.44686992900772, -113.52416566866415)",5,0.01,37,63,53,867,,8.532029865,11.22742381,13.60934274,13.64237822,10.8794116,0,0,0,0,0,
Blue Quill,5060,7,1269,1271,1295,1333,1410,1519,16,"(53.45762652284968, -113.52623651525523)",233,0.05,49,66,54,4679,1529,7.333682278,10.05279473,12.43734368,12.60163152,9.708068512,0,12,0,0,0,
Aster,6445,9,,,,,,,30,"(53.451654121975196, -113.35822962579826)",23,,40,42,46,0,"1,562.00",13.72819233,14.53876322,16.10645397,13.39770344,14.22111654,228,5,0,0,0,
Blue Quill Estates,5070,7,1269,1271,1295,1333,1410,1519,16,"(53.45762655664967, -113.540194987143)",36,0.04,31,48,33,998,1562,7.391285847,10.20863934,12.59220583,13.02148342,9.877170222,0,2,0,0,0,
Mill Woods Park,6510,9,,,,,,,,"(53.455865412567505, -113.44130550374629)",85,,67,66,49,0,"1,366.00",9.409398405,11.08039597,13.15053185,11.61137881,10.71852147,0,0,0,0,0,
Hodgson,5620,7,1269,1271,1295,1333,1410,1519,14,"(53.45767349895661, -113.5598072004897)",44,0.02,46,46,42,2393,1542,7.658125848,10.55688056,12.91427696,13.69135546,10.24746839,0,4,0,0,0,
Leger,5630,7,1269,1271,1295,1333,1410,1519,14,"(53.45769067931765, -113.57742198496669)",148,0.05,45,49,42,2999,1539,8.073619099,10.994788,13.30831183,14.36923024,10.70722646,0,0,0,0,0,
Parsons Industrial,6570,9,,,,,,,41,"(53.45979539100357, -113.47938184219882)",680,,36,48,40,0,,7.746333463,9.911965672,12.17872413,11.39211751,9.544173392,0,0,0,0,0,
Steinhauer,5470,7,1269,1271,1295,1333,1410,1519,16,"(53.464528819662604, -113.50593802287744)",80,0.03,47,59,43,2393,1495,6.703375632,9.208248831,11.56534852,11.36979471,8.849100165,1,2,0,0,0,
Carter Crest,5130,7,1269,1271,1295,1333,1410,1519,14,"(53.46488524756335, -113.57780188767926)",14,0.01,34,44,37,1364,1487,7.366219958,10.28557506,12.58044304,13.75792142,10.00653287,0,0,0,0,0,
Ogilvie Ridge,5300,7,1269,1271,1295,1333,1410,1519,14,"(53.46490391645047, -113.56706908565178)",10,0.01,26,41,32,1191,1500,7.062133092,9.981043092,12.30997158,13.31393152,9.687181432,0,0,0,0,0,
Falconer Heights,5190,7,1269,1271,1295,1333,1410,1519,14,"(53.46672055024967, -113.58852370186142)",56,0.04,59,42,40,1559,1558,7.550190379,10.45123644,12.70001418,14.06989595,10.18976262,0,0,0,0,0,
Henderson Estates,5230,7,1269,1271,1295,1333,1410,1519,14,"(53.467635236018154, -113.59744728013634)",14,0.01,37,40,33,2058,1577,7.808249954,10.68302295,12.89055758,14.40219399,10.43560421,0,0,0,0,0,
Westbrook Estates,5540,7,1269,1271,1295,1333,1410,1519,16,"(53.46821272942084, -113.54445207696077)",34,0.03,14,35,17,1175,1329,6.272025749,9.132394068,11.5073436,12.15188858,8.811055501,6,2,0,0,0,
Whitemud Creek Ravine South,5560,7,1269,1271,1295,1333,1410,1519,,"(53.46849885495364, -113.56034051783959)",11,0.01,16,33,31,2154,1300,6.526639433,9.440212798,11.78143931,12.72563578,9.140584036,0,0,0,0,0,
Greenfield,5220,7,1269,1271,1295,1333,1410,1519,16,"(53.47107265311551, -113.52750541724342)",110,0.03,31,48,39,3808,1452,5.837724646,8.582327074,10.96831829,11.3041246,8.242050564,0,2,0,0,0,
Duggan,5160,7,1269,1271,1295,1333,1410,1519,16,"(53.47151002842159, -113.50605757655529)",150,0.03,39,52,42,4289,1995,5.942626066,8.431234838,10.78883524,10.6488123,8.072110828,0,9,0,0,0,
Rhatigan Ridge,5350,7,1269,1271,1295,1333,1410,1519,14,"(53.47450614555052, -113.58756912095251)",36,0.01,43,40,28,3012,1935,6.802856361,9.683139488,11.90359846,13.39693184,9.432749933,0,2,0,0,0,
Bulyea Heights,5100,7,1269,1271,1295,1333,1410,1519,14,"(53.474747116841655, -113.5694240101385)",25,0.01,21,40,17,3016,2045,6.135816936,9.055049726,11.35209468,12.56015338,8.776430879,1,1,0,0,0,
River Valley Terwillegar,5380,7,1269,1271,1295,1333,1410,1519,,"(53.476837905414634, -113.61256966985235)",9,0.01,46,60,37,768,1482,7.729964826,10.48765791,12.56902058,14.44157007,10.27948885,0,0,0,0,0,
Aspen Gardens,5020,7,1269,1271,1295,1333,1410,1519,16,"(53.47753531391314, -113.5456643078709)",20,0.01,20,41,27,1416,1309,5.276478056,8.16211702,10.52687257,11.33842175,7.84930718,2,9,0,0,0,
Rideau Park,5360,7,1269,1271,1295,1333,1410,1519,16,"(53.47903247647679, -113.50593303233492)",86,0.04,57,63,32,2118,1507,5.132764029,7.594194965,9.951714763,9.874628799,7.234921022,0,5,0,0,0,
Royal Gardens,5430,7,1269,1271,1295,1333,1410,1519,16,"(53.47941921545693, -113.52805526262651)",127,0.04,35,56,42,3410,1517,4.909613673,7.672251558,10.05809839,10.51743188,7.335578466,2,5,0,0,0,
Ramsay Heights,5340,7,1269,1271,1295,1333,1410,1519,14,"(53.48336762348087, -113.57903399186384)",55,0.02,25,43,35,3502,1469,5.674980241,8.547895215,10.76648562,12.30011425,8.300158705,0,4,0,0,0,
Empire Park,5170,7,1269,1271,1295,1333,1410,1519,15,"(53.484366264270875, -113.50585873132425)",871,0.16,70,62,42,5294,1527,4.56424684,7.000707775,9.358196285,9.332692763,6.641317145,0,37,0,0,0,
Mill Woods Golf Course,6500,9,,,,,,,,"(53.48206208549219, -113.43042543572955)",9,,62,63,51,0,"1,370.00",7.859857682,8.877637153,10.70904278,8.750804215,8.537905958,0,0,0,0,0,
Papaschase Industrial,6560,9,,,,,,,41,"(53.484285034295155, -113.47864585672285)",115,,36,48,40,0,,5.392051727,7.265981401,9.486737368,8.723462912,6.898215825,1,0,0,0,0,
Malmo Plains,5280,7,1269,1271,1295,1333,1410,1519,15,"(53.48567699323439, -113.52899210578676)",142,0.04,31,55,30,3472,1462,4.215533631,7.000299389,9.38482097,9.963063552,6.667925736,0,8,0,0,0,
Southeast Industrial,6690,9,,,,,,,,"(53.49971414363941, -113.3746049513243)",154,,29,47,36,0,,10.40771597,10.28191289,11.37707164,8.213827391,10.02990411,0,0,0,0,0,
Lansdowne,5260,7,1269,1271,1295,1333,1410,1519,15,"(53.486625462961584, -113.54599669912204)",22,0.03,18,42,27,871,1499,4.308823918,7.214757481,9.565601892,10.54797383,6.911823788,0,7,0,0,0,
Edmonton Northlands,1120,10,,,,,,,,"(53.56837201419023, -113.45644612048426)",57,,56,59,48,0,,6.809602264,4.120603297,2.99586467,1.159724278,4.270669935,0,0,0,0,0,
Blatchford Area,1111,10,,,,,,,8,"(53.571984893651376, -113.51699744323864)",333,,59,64,59,0,"1,800.00",5.42921198,2.822449744,1.090783467,4.905771013,3.190514309,27,15,0,0,0,
Calgary Trail North,5110,7,1269,1271,1295,1333,1410,1519,41,"(53.49015648355935, -113.49406931149764)",1100,16.42,36,48,40,67,1389,4.28561563,6.417784508,8.724191301,8.426679977,6.05122831,0,0,0,0,0,
Brookside,5090,7,1269,1271,1295,1333,1410,1519,14,"(53.491831258270594, -113.56812781287422)",37,0.02,13,45,23,1511,1464,4.487021211,7.363013985,9.595295847,11.12616737,7.112997975,1,3,0,0,0,
Pleasantview,5320,7,1269,1271,1295,1333,1410,1519,15,"(53.49317552747084, -113.50713136307714)",303,0.08,71,60,68,3705,1532,3.609198127,6.01945987,8.381473441,8.496859888,5.661115319,14,12,0,0,0,
Lendrum Place,5270,7,1269,1271,1295,1333,1410,1519,15,"(53.49320004433957, -113.52280579656217)",97,0.05,63,65,46,1821,1600,3.382556505,6.101429978,8.487474369,9.039390473,5.763386273,1,0,0,0,0,
Brander Gardens,5080,7,1269,1271,1295,1333,1410,1519,14,"(53.495209495311215, -113.57942476354563)",65,0.03,34,43,45,2028,1359,4.726695901,7.503330768,9.641790698,11.44282803,7.285283864,0,4,0,0,0,
Industrial Heights,2360,10,,,,,,,,"(53.58098253108419, -113.43747298136987)",39,,41,43,36,0,,8.693356788,5.969208449,4.476456506,2.380010846,6.139170286,0,0,0,0,0,
Maple Ridge,6410,8,1099,1091,1090,1124,1129,1307,42,"(53.5020501605512, -113.36306273218038)",58,0.06,12,26,32,949,1750,11.09071744,10.82181215,11.79008204,8.47549898,10.58552012,0,0,0,0,0,
Argyll,6010,8,1099,1091,1090,1124,1129,1307,17,"(53.503100775120004, -113.46053882474749)",18,0.02,40,54,39,756,1289,4.920036433,5.819416743,7.76361828,6.426799196,5.473509429,1,1,0,0,0, 
Hazeldean,6290,8,1099,1091,1090,1124,1129,1307,17,"(53.504205803580085, -113.4778888991957)",136,0.05,66,40,65,2997,1587,3.865529864,5.179231093,7.31782539,6.584012701,4.816339907,7,10,0,0,0,
CPR Irvine,6110,8,1099,1091,1090,1124,1129,1307,41,"(53.507526689273476, -113.4905491361126)",193,1.12,36,48,40,173,1665,2.966221788,4.56324996,6.816368832,6.57065634,4.19527859,0,0,0,0,0,
Kennedale Industrial,2380,10,,,,,,,,"(53.590871253170405, -113.42337551614855)",328,,39,41,38,0,"1,437.00",10.13552444,7.39194271,5.756477262,3.723204716,7.571915183,0,0,0,0,0,
Mill Creek Ravine South,6492,8,1099,1091,1090,1124,1129,1307,17,"(53.50771159442151, -113.46483608309812)",9,0.02,52,54,30,591,1375,4.441751939,5.233444686,7.183550878,5.974292585,4.888551886,0,0,0,0,0,
Avonmore,6020,8,1099,1091,1090,1124,1129,1307,17,"(53.50777958181948, -113.45163097798653)",106,0.06,53,55,38,1906,1450,5.254986734,5.748704472,7.519518992,5.843359715,5.423737281,7,3,0,0,0,
King Edward Park,6360,8,1099,1091,1090,1124,1129,1307,17,"(53.51515115710009, -113.45056960512973)",409,0.10,67,60,60,4136,1354,5.10995296,5.199521922,6.827384711,5.020071865,4.897057016,28,26,1,5,0,
Idylwylde,6320,8,1099,1091,1090,1124,1129,1307,18,"(53.52162991562302, -113.44911385650465)",152,0.09,71,62,53,1740,1621,5.124830295,4.810153167,6.264640309,4.294562102,4.537061899,7,12,0,0,0,
Kenilworth,6350,8,1099,1091,1090,1124,1129,1307,18,"(53.52163312262259, -113.43104243926484)",111,0.04,50,49,35,2622,1504,6.322564015,5.818324853,7.001654385,4.396375458,5.576937212,12,7,0,0,0,
Bonnie Doon,6040,8,1099,1091,1090,1124,1129,1307,18,"(53.52533712511544, -113.46711141152339)",685,0.16,70,61,59,4292,1454,3.931875155,3.624035799,5.313210319,4.128348626,3.32785506,29,31,0,0,0,
Bonaventure Industrial,4050,10,,,,,,,40,"(53.591524962604986, -113.57216038894214)",99,,30,56,29,0,,8.155611648,6.527383932,5.330864208,9.076946562,6.85474944,0,0,0,0,0,
Ottewell,6550,8,1099,1091,1090,1124,1129,1307,18,"(53.531285183984444, -113.43074600678096)",610,0.10,45,48,44,5861,1400,6.396660902,5.39192677,6.258644507,3.362655083,5.204759817,5,4,0,0,0,
Strathearn,6710,8,1099,1091,1090,1124,1129,1307,18,"(53.53129197947159, -113.4640466579738)",176,0.07,53,51,44,2563,1816,4.219250806,3.386417902,4.825528929,3.43634111,3.138549045,57,0,0,0,0,
Holyrood,6310,8,1099,1091,1090,1124,1129,1307,18,"(53.531360581789265, -113.45018981983952)",195,0.06,52,54,47,3273,1545,5.123423648,4.192975828,5.352227336,3.219480289,3.977061673,86,7,0,0,0,
Cloverdale,6070,8,1099,1091,1090,1124,1129,1307,18,"(53.53685804851008, -113.47401190482636)",62,0.06,33,60,50,1013,1691,3.772855096,2.505319249,3.961414035,3.20260393,2.283223099,0,3,0,0,0,
Terrace Heights,6730,8,1099,1091,1090,1124,1129,1307,19,"(53.54208074325996, -113.43780112969927)",124,0.06,55,48,45,2107,1350,6.222297738,4.657840191,5.148053963,2.078829193,4.5443749,0,4,1,47,0,
Forest Heights,6230,8,1099,1091,1090,1124,1129,1307,19,"(53.5445370725994, -113.45125000590636)",213,0.06,43,42,53,3678,1716,5.499702924,3.742698788,4.268942307,1.77792029,3.647915638,55,18,0,0,0,
Fulton Place,6240,8,1099,1091,1090,1124,1129,1307,19,"(53.54629463703151, -113.42746647274248)",87,0.04,51,47,39,2285,1577,7.027381831,5.30793346,5.498894027,1.958885796,5.230024597,1,9,0,0,0,
Gold Bar,6270,8,1099,1091,1090,1124,1129,1307,19,"(53.548908011823386, -113.41200386812996)",77,0.03,40,44,32,2304,1719,8.088900424,6.334260161,6.32576937,2.55858689,6.272252386,2,7,0,0,0,
Capilano,6061,8,1099,1091,1090,1124,1129,1307,19,"(53.55467208922095, -113.42279236815314)",68,0.03,33,39,30,2712,1339,7.689561669,5.676380025,5.445494395,1.634443666,5.658437712,5,1,0,0,0,
Sweet Grass,5490,8,1099,1091,1090,1124,1129,1307,16,"(53.464315902695475, -113.52756884433359)",71,0.03,38,56,35,2717,1557,6.589708659,9.326634279,11.71229935,11.97128055,8.984576427,0,6,0,0,0,
Mill Creek Ravine North,6491,8,1099,1091,1090,1124,1129,1307,15,"(53.52685779269116, -113.47792345887649)",25,0.05,48,57,24,519,1350,3.230973045,3.001385605,4.885344767,4.279174803,2.681332321,0,0,0,0,0,
Edmonton South East,8886,9,1251,1268,1272,1332,1430,1594,33,"(53.38130266678533, -113.37682343753188)",0,0.00,39,44,51,188,1392,18.68586737,20.40838482,22.41361294,20.42436908,20.04875887,0,0,0,0,0,
The Orchards At Ellerslie,6216,9,1251,1268,1272,1332,1430,1594,53,"(53.403087349122, -113.45816601336082)",144,0.17,4,28,12,842,1450,14.14724932,16.37703109,18.62516054,17.50135028,16.00908979,527,0,0,0,0,
Decoteau,6663,9,1251,1268,1272,1332,1430,1594,53,"(53.410338845277394, -113.36908560883388)",88,0.47,16,34,22,186,1400,16.36174517,17.79603405,19.67108115,17.43235015,17.44657786,0,0,0,0,0,
Summerside,6213,9,1251,1268,1272,1332,1430,1594,53,"(53.4175276127026, -113.46122737605207)",343,0.06,31,35,39,5766,1702,12.56342467,14.76214832,17.00596908,15.90811721,14.39413994,2,11,0,0,0,
Walker,6662,9,1251,1268,1272,1332,1430,1594,53,"(53.41765060558255, -113.43043517232874)",309,0.35,22,34,37,887,1798,13.39306617,15.30590238,17.43243605,15.89306232,14.94027757,25,22,0,0,0,
Charlesworth,6661,9,1251,1268,1272,1332,1430,1594,53,"(53.42854379358836, -113.41813010932303)",373,0.14,26,35,31,2682,1799,12.78022636,14.48392103,16.52440959,14.76208979,14.12301948,94,25,0,0,0,
Ellerslie,6211,9,1251,1268,1272,1332,1430,1594,53,"(53.42854540916191, -113.45773137925912)",141,0.03,38,35,39,5478,1495,11.509501,13.61956641,15.83730809,14.67020314,13.25156029,0,21,0,0,0,
Crawford Plains,6140,9,1251,1268,1272,1332,1430,1594,29,"(53.44183745503461, -113.40621587793581)",162,0.05,31,38,39,3465,1700,12.09197468,13.52307269,15.44541933,13.42670224,13.17117253,2,2,0,0,0,
Sakaw,6670,9,1251,1268,1272,1332,1430,1594,29,"(53.44197993208675, -113.42882827241682)",164,0.05,28,45,40,3638,1795,11.14645103,12.82859264,14.87822284,13.20053176,12.46750553,0,1,0,0,0,
Menisa,6450,9,1251,1268,1272,1332,1430,1594,29,"(53.442056300744994, -113.44737900912975)",131,0.05,25,39,33,2500,1300,10.47211227,12.37047776,14.5169015,13.14514265,12.00435868,0,1,0,0,0,
Laurel,6444,9,1251,1268,1272,1332,1430,1594,30,"(53.44579889016164, -113.38147041428071)",299,0.02,40,42,46,12100,1685,12.93367523,14.05337109,15.80569625,13.42202573,13.71672606,241,10,0,0,0,
Satoo,6680,9,1251,1268,1272,1332,1430,1594,29,"(53.44637282792394, -113.45889160751477)",104,0.03,22,45,32,3412,1638,9.682790244,11.68299536,13.87585069,12.69460694,11.31545504,0,2,0,0,0,
Quarry Ridge,2692,11,,,,,,,,"(53.62249178672573, -113.33961645236101)",,,,,,,,16.56213938,13.91992341,12.30214633,9.871023694,14.07367382,13,0,0,0,0,
Pollard Meadows,6580,9,1251,1268,1272,1332,1430,1594,29,"(53.449115019121365, -113.41303221730111)",187,0.04,38,54,33,5106,1724,11.18591393,12.59513985,14.5212571,12.5473229,12.24335189,2,1,0,0,0,
Ekota,6200,9,1251,1268,1272,1332,1430,1594,29,"(53.449410079810406, -113.44233568136139)",118,0.04,35,57,47,2662,1425,9.955399102,11.71810115,13.81705216,12.32819865,11.35435626,0,2,0,0,0,
Daly Grove,6150,9,1251,1268,1272,1332,1430,1594,29,"(53.449536501347374, -113.40072733186688)",106,0.02,31,45,31,4750,1650,11.7175573,12.98161845,14.82870925,12.66808788,12.63658239,0,3,0,0,0,
Meyokumin,6460,9,1251,1268,1272,1332,1430,1594,29,"(53.45011313088706, -113.42725752643224)",157,0.05,56,65,35,2927,1901,10.48741697,12.05297143,14.06129412,12.30873395,11.69495989,0,1,0,0,0,
Meyonohk,6470,9,1251,1268,1272,1332,1430,1594,29,"(53.45534180636792, -113.45724258632058)",96,0.03,45,55,48,2967,1750,8.865602679,10.76051263,12.92480431,11.69129479,10.39392131,0,4,0,0,0,
Mill Woods Town Centre,6520,9,1251,1268,1272,1332,1430,1594,29,"(53.456458462877386, -113.42748006004459)",530,0.79,72,69,47,675,1649,9.937051439,11.41667877,13.3967704,11.60467537,11.0610825,0,0,0,0,0,
Bisset,6030,9,1251,1268,1272,1332,1430,1594,29,"(53.45890549467666, -113.40065946472495)",107,0.03,33,47,42,3704,1799,11.01256538,12.12356274,13.90816382,11.65831806,11.78511211,1,4,0,0,0,
Weinlos,6770,9,1251,1268,1272,1332,1430,1594,29,"(53.459906787317394, -113.4138360275789)",118,0.03,42,60,41,3671,1749,10.28889937,11.53972858,13.4083003,11.35607686,11.19365339,0,2,0,0,0,
Gorman,2311,11,,,,,,,3,"(53.62322452305202, -113.38772109480703)",196,,51,51,49,0,"2,140.00",14.4026011,11.59449332,9.702020083,7.999034219,11.80334413,15,0,0,0,0,
Carleton Square Industrial,4100,12,,,,,,,,"(53.57343036731518, -113.60888124442805)",33,,36,48,31,0,,7.797728759,7.320640639,7.124796952,10.91402267,7.545515266,0,0,0,0,0,
Silver Berry,6442,9,1251,1268,1272,1332,1430,1594,30,"(53.46115896920189, -113.38140615993143)",270,0.03,33,41,47,8053,1766,11.86071569,12.7223337,14.35724309,11.81463356,12.39898645,0,5,0,0,0,
Tipaskan,6750,9,1251,1268,1272,1332,1430,1594,29,"(53.46189538282228, -113.45799986563976)",125,0.04,50,56,56,2910,1679,8.221942557,10.05300334,12.20369463,10.96722425,9.687070291,0,7,0,0,0,
Kameyosek,6340,9,1251,1268,1272,1332,1430,1594,29,"(53.46191874308279, -113.44206793426125)",100,0.03,52,63,52,2900,1075,8.847151168,10.44407354,12.49431426,10.93667429,10.0837407,0,3,0,0,0,
Tawa,6720,9,1251,1268,1272,1332,1430,1594,29,"(53.46193293968521, -113.42771213060817)",226,0.21,53,64,47,1060,1661,9.477018183,10.87337224,12.82602498,10.9971925,10.52030516,0,0,0,0,0,
Tamarack,6443,9,1251,1268,1272,1332,1430,1594,30,"(53.464810648262834, -113.3591650787877)",774,0.51,38,41,49,1516,1774,12.87494344,13.45743853,14.90978554,12.06440935,13.1540104,43,41,0,0,0,
Richfield,6600,9,1251,1268,1272,1332,1430,1594,29,"(53.46948396845185, -113.45861750603322)",158,0.05,45,53,48,3490,1594,7.506986383,9.244378272,11.37460337,10.12858844,8.879614615,0,9,0,0,0,
Lee Ridge,6400,9,1251,1268,1272,1332,1430,1594,29,"(53.46959297153256, -113.44435531961082)",170,0.06,38,54,47,2699,1649,8.100002414,9.606501594,11.63665656,10.08033903,9.248016429,0,1,0,0,0,
Hillview,6300,9,1251,1268,1272,1332,1430,1594,29,"(53.469740414037474, -113.4270640039255)",153,0.04,30,43,34,3857,1446,8.900214899,10.14562144,12.04516785,10.13893973,9.797776757,2,3,0,0,0,
Minchau,6530,9,1251,1268,1272,1332,1430,1594,29,"(53.46982918262529, -113.41276586393289)",93,0.03,26,45,37,3480,1672,9.617508299,10.66729396,12.45609054,10.28785545,10.32977043,0,2,0,0,0,
Rampart Industrial,3360,12,,,,,,,40,"(53.614087166875194, -113.57790016807263)",28,,30,47,27,0,,10.64335595,8.777491493,7.164056169,10.61614226,9.126282015,0,0,0,0,0,
Wild Rose,6790,9,1251,1268,1272,1332,1430,1594,30,"(53.47056409010199, -113.38116723880054)",175,0.02,39,44,51,7827,1732,11.29278957,11.96420692,13.50834233,10.85104833,11.65193959,1,2,0,0,0,
Maple,6441,9,1251,1268,1272,1332,1430,1594,30,"(53.47539365119583, -113.35410220273556)",154,0.06,40,42,46,2500,1750,12.62120663,12.94504094,14.24657137,11.22037416,12.66053625,221,34,0,0,0,
Greenview,6280,9,1251,1268,1272,1332,1430,1594,29,"(53.47539385786576, -113.42780973626564)",86,0.03,26,41,25,2701,1638,8.451176902,9.588691463,11.45303986,9.508425854,9.244746111,0,4,0,0,0,
Kiniski Gardens,6370,9,1251,1268,1272,1332,1430,1594,29,"(53.47592374884991, -113.40330287730555)",166,0.02,35,41,30,7170,1749,9.731393939,10.52815514,12.18687576,9.787460633,10.2047975,1,5,0,0,0,
Tweddle Place,6760,9,1251,1268,1272,1332,1430,1594,29,"(53.47836951514998, -113.45916009578747)",67,0.02,33,57,32,3178,1619,6.716521241,8.311530107,10.4104233,9.147060345,7.948951912,0,1,0,0,0,
Michaels Park,6480,9,1251,1268,1272,1332,1430,1594,29,"(53.47957488804893, -113.44621358088335)",82,0.04,36,58,36,2281,1597,7.223278667,8.561013752,10.54912797,8.969096842,8.206654407,21,2,0,0,0,
Jackson Heights,6330,9,1251,1268,1272,1332,1430,1594,29,"(53.48166024147494, -113.41084771740064)",105,0.02,20,38,24,4449,1649,8.967280616,9.717778789,11.37980928,9.037021356,9.395306043,0,7,0,0,0,
Maple Ridge Industrial,6420,9,1251,1268,1272,1332,1430,1594,42,"(53.49800897213869, -113.35636503434607)",35,0.05,5,23,2,681,1750,11.6270995,11.42622096,12.41855142,9.106057897,11.18500212,0,0,0,0,0,
Anthony Henday South East,6665,9,1251,1268,1272,1332,1430,1594,,"(53.44097162860197, -113.36090937140537)",126,0.08,20,34,26,1647,,14.31740023,15.31737862,16.98235406,14.40847011,14.98875888,0,0,0,0,0,
Larkspur,6390,9,1251,1268,1272,1332,1430,1594,30,"(53.48021045766002, -113.3812399485388)",327,0.06,49,42,39,5222,1749,10.76618087,11.21916999,12.65516123,9.871218121,10.92090924,4,4,0,0,0,
Highlands,2330,10,972,996,982,1004,1079,1184,9,"(53.565998589832105, -113.43017053067386)",263,0.10,54,45,54,2721,1395,7.935577711,5.534396468,4.744424699,1.215076696,5.60457505,9,7,0,0,0,
Montrose,2550,10,972,996,982,1004,1079,1184,6,"(53.575116228996094, -113.44223031309009)",352,0.11,49,52,54,3108,1275,8.002503503,5.322827907,4.007436508,1.67987151,5.474875316,10,8,0,0,1,
Westwood,1250,10,972,996,982,1004,1079,1184,8,"(53.575942355230865, -113.49858458554775)",354,0.12,64,62,62,2912,1229,6.117133524,3.246760572,0.8625013228,3.921201547,3.587180645,10,47,0,0,0,
Eastwood,1100,10,972,996,982,1004,1079,1184,5,"(53.576104614724045, -113.46873040170777)",815,0.19,73,58,54,4231,1395,6.987190296,4.112739577,2.343738917,2.341586849,4.350398451,0,23,0,0,0,
Newton,2560,10,972,996,982,1004,1079,1184,6,"(53.5764243717906, -113.42453203190698)",152,0.05,47,48,40,2973,1371,8.954577749,6.385861098,5.186968789,2.288397009,6.506270318,1,2,0,0,0,
Crystallina Nera East,2462,12,,,,,,,28,"(53.64058185672155, -113.44750486480594)",3,,32,40,35,0,"1,565.00",14.0353946,11.12081839,8.796042215,8.951360506,11.42796788,106,24,0,0,0,
Delton,1080,10,972,996,982,1004,1079,1184,5,"(53.57904638440942, -113.48244944670745)",219,0.11,55,56,45,1991,1385,6.829704543,3.908492041,1.738090212,3.217986435,4.203942668,16,10,0,0,0,
Balwin,2020,10,972,996,982,1004,1079,1184,2,"(53.58795101014664, -113.455075346126)",278,0.07,60,50,38,3866,1388,8.585689197,5.708394599,3.77515623,3.154996325,5.949199017,19,3,0,0,0,
Anthony Henday Castledowns,4016,12,,,,,,,,"(53.64329774856772, -113.53336139641686)",0,,30,47,27,0,,13.33905453,10.82474664,8.594536615,10.92319611,11.19196332,0,0,0,0,0,
Athlone,3010,10,972,996,982,1004,1079,1184,1,"(53.58802604242831, -113.55098211995585)",119,0.04,29,45,24,2958,1349,7.362988374,5.373512642,3.928828032,7.634596168,5.722110101,0,3,0,0,0,
Crossroads,8889,,,,,,,,,"(53.35215195318111, -113.55829298753235)",,,39,44,51,,"1,300.00",19.19035816,21.97488931,24.3608567,24.32928388,21.63379722,0,0,0,0,0,
Glenridding Ravine,5579,7,,,,,,,56,"(53.41031569982683, -113.60258617187458)",72,,22,32,36,0,"1,820.00",13.57908725,16.49629427,18.82747639,19.66299778,16.19833572,348,37,0,0,0,
Heritage Valley Area,5456,7,,,,,,,55,"(53.417641431863345, -113.54705350345404)",0,,22,34,42,0,"1,580.00",11.8639713,14.66267211,17.04843959,17.23041189,14.32553643,0,113,0,0,0,
Anthony Henday South,4014,,,,,,,,16,"(53.43220884258119, -113.54766664564085)",25,,38,54,39,0,,10.26089656,13.0789373,15.4632162,15.76757974,12.7457822,0,0,0,0,0,
Anthony Henday South Blackburne,4024,,,,,,,,,"(53.43447457603955, -113.50461698033163)",0,,30,48,27,0,,10.01455553,12.55400946,14.90804022,14.52518757,12.19444629,0,0,0,0,0,
River Valley Windermere,5405,,,,,,,,,"(53.43639892727007, -113.63654392408243)",2,,,,,0,,12.14774997,15.01872372,17.20386129,18.71309969,14.77426852,0,0,0,0,0,
Calder,3070,10,972,996,982,1004,1079,1184,1,"(53.58805578085307, -113.52887205475145)",388,0.10,33,44,30,4015,1025,7.184579186,4.755579886,2.833201818,6.325897499,5.122706733,19,10,0,0,0,
Anthony Henday Terwillegar,4013,,,,,,,,,"(53.44377819586291, -113.59808849335425)",52,,37,53,36,0,,10.07293156,12.99100731,15.2755692,16.43392205,12.71395533,0,0,0,0,0,
Killarney,2420,10,972,996,982,1004,1079,1184,2,"(53.5884886931544, -113.47956836765157)",383,0.09,58,53,41,4045,1415,7.866568562,4.948370123,2.671073008,3.87071491,5.254070921,8,13,0,0,0,
River's Edge,4469,,,,,,,,57,"(53.452850088837835, -113.64451163219296)",1,,1,23,22,0,,11.10910079,13.89380171,15.97596566,17.79608025,13.68048967,128,12,0,0,0,
Belvedere,2080,10,972,996,982,1004,1079,1184,2,"(53.59105689738217, -113.43606293177528)",971,0.19,63,56,35,5133,1329,9.605938622,6.795286001,5.023110782,3.496880523,7.001622169,16,7,2,228,1,
Rosslyn,3390,10,972,996,982,1004,1079,1184,1,"(53.59575774027457, -113.50428716133167)",216,0.07,51,62,30,2990,1424,8.17127181,5.401901489,3.048358997,5.547173035,5.757715161,0,4,0,0,0,
Wellington,3430,10,972,996,982,1004,1079,1184,1,"(53.59583297304488, -113.55269493377908)",220,0.08,39,45,23,2883,1397,8.235774168,6.178899515,4.553681563,8.125142426,6.533653416,0,9,0,0,0,
Glengarry,2290,10,972,996,982,1004,1079,1184,2,"(53.59585546337682, -113.479611721532)",592,0.21,57,59,32,2824,1450,8.625121807,5.715925626,3.385565369,4.564699286,6.031518798,0,6,0,0,0,
Kensington,3250,10,972,996,982,1004,1079,1184,1,"(53.595862607025026, -113.52892377487876)",179,0.05,42,49,21,3795,1489,8.05331587,5.591958146,3.548637912,6.796982566,5.959884186,0,3,0,0,0,
Delwood,2230,10,972,996,982,1004,1079,1184,2,"(53.595948943096154, -113.45513034887446)",199,0.06,57,48,37,3482,1050,9.339925035,6.435301396,4.346404592,4.031999341,6.697714719,2,2,0,0,0,
Lauderdale,3260,10,972,996,982,1004,1079,1184,1,"(53.58844884895879, -113.50425618926072)",312,0.11,48,58,32,2788,1412,7.372764558,4.589294117,2.23654245,4.997413,4.944557428,2,7,0,0,0,
Virginia Park,1240,10,972,996,982,1004,1079,1184,9,"(53.56088810350603, -113.45029682958366)",54,0.09,37,39,47,632,1300,6.534159816,4.084888367,3.505087078,0.3172072723,4.157001616,1,1,0,0,0,
Parkdale,1160,10,972,996,982,1004,1079,1184,5,"(53.56571569922305, -113.47135037879477)",767,0.22,78,60,78,3409,1275,5.944040157,3.157002294,2.030792885,1.810525156,3.343271699,29,10,0,0,0,
Bellevue,2060,10,972,996,982,1004,1079,1184,9,"(53.56641743646995, -113.44594247138558)",174,0.18,49,48,51,974,1330,7.15415338,4.604568574,3.698510059,0.6964502475,4.710632836,2,2,0,0,0,
Elmwood Park,1130,10,972,996,982,1004,1079,1184,5,"(53.57959138448323, -113.46091680878322)",137,0.12,53,53,37,1174,1139,7.598289925,4.741951983,2.972230797,2.386778962,4.968907121,0,5,0,0,1,
Rundle Heights,2660,11,1192,1180,1194,1230,1317,1404,23,"(53.56322137782017, -113.39192226141765)",253,0.09,43,38,52,2914,1445,9.944830582,7.864652303,7.294071591,3.577564815,7.873641123,0,0,0,0,0,
Beverly Heights,2100,11,1192,1180,1194,1230,1317,1404,23,"(53.56412226688728, -113.40265235200434)",428,0.13,53,42,45,3381,1300,9.36086179,7.199129218,6.57750309,2.884167862,7.222061628,2,12,0,0,0,
Calgary Trail South,5120,,,,,,,,41,"(53.471191224972046, -113.49353163439852)",355,,36,48,40,0,,6.217173052,8.516912962,10.83382248,10.39865723,8.151534158,0,0,0,0,0,
Beacon Heights,2040,11,1192,1180,1194,1230,1317,1404,23,"(53.57353937729379, -113.40604010217766)",205,0.07,57,46,44,3055,1300,9.723725359,7.333445183,6.360627274,3.01828763,7.40939065,14,3,1,6,0,
River Valley Cameron,4467,,,,,,,,,"(53.47235679364354, -113.61607674144759)",3,,2,23,34,0,,8.240467475,11.01633577,13.1101867,14.94241795,10.80360929,0,0,0,0,0,
Abbottsfield,2010,11,1192,1180,1194,1230,1317,1404,23,"(53.57414343327946, -113.38875800528291)",162,0.13,49,46,36,1220,1445,10.71820769,8.419650849,7.50698141,4.078991607,8.47758812,0,3,0,0,0,
Bergman,2090,11,1192,1180,1194,1230,1317,1404,23,"(53.57956358670845, -113.40966725276705)",60,0.03,31,46,23,1908,1300,9.933843536,7.414179289,6.219339911,3.217317774,7.523985694,4,0,0,0,0,
Homesteader,2350,11,1192,1180,1194,1230,1317,1404,35,"(53.584720420012744, -113.40645880030745)",217,0.07,45,48,31,3084,1599,10.46404559,7.888162172,6.562395606,3.77060928,8.014989388,0,5,0,0,0,
Kernohan,2390,11,1192,1180,1194,1230,1317,1404,35,"(53.589399782126065, -113.3801643112191)",146,0.06,37,38,40,2539,1568,12.14803389,9.653832818,8.379820836,5.423726419,9.762162547,2,2,0,0,0,
Belmont,2070,11,1192,1180,1194,1230,1317,1404,35,"(53.59312408343794, -113.39437923875707)",202,0.04,45,45,28,5415,1479,11.68148286,9.068902024,7.619530248,5.000030388,9.208740762,0,2,0,0,0,
Sifton Park,2710,11,1192,1180,1194,1230,1317,1404,35,"(53.59452510263165, -113.40840160415829)",113,0.05,58,54,32,2228,1514,11.11348199,8.414020182,6.82653354,4.551939416,8.580020849,0,2,0,0,0,
Clareview Town Centre,2145,11,1192,1180,1194,1230,1317,1404,35,"(53.60194780693877, -113.40689125219888)",2100,0.93,56,57,21,2260,1565,11.78186272,9.026970226,7.302382026,5.312671432,9.213216072,11,13,0,0,0,
York,2720,11,1192,1180,1194,1230,1317,1404,2,"(53.60284342250439, -113.4302123105938)",190,0.05,63,54,34,3934,1445,10.88543502,8.031107601,6.089014956,4.859364998,8.259686566,0,6,0,0,0,
Hairsine,2320,11,1192,1180,1194,1230,1317,1404,35,"(53.603837718331235, -113.39092316162758)",90,0.03,45,43,66,2620,1254,12.66452374,9.965439089,8.326457088,6.064283993,10.13329161,0,6,0,0,0,
Bannerman,2030,11,1192,1180,1194,1230,1317,1404,35,"(53.60394967918678, -113.37862372103365)",175,0.06,38,37,36,2872,1479,13.2627034,10.61679836,9.057523819,6.592990754,10.7686921,0,7,0,0,0,
McLeod,2530,11,1192,1180,1194,1230,1317,1404,2,"(53.61035321319482, -113.43667134683787)",77,0.03,33,46,27,2566,1447,11.34351869,8.446015871,6.349169148,5.617829416,8.70225078,0,1,0,0,0,
Fraser,2280,11,1192,1180,1194,1230,1317,1404,35,"(53.611113791940525, -113.37366969834983)",155,0.05,20,35,30,2960,1775,14.04724699,11.36275359,9.717192136,7.408956867,11.52729429,155,19,0,0,0,
Whitemud Creek Ravine North,5550,,,,,,,,,"(53.48679813435263, -113.556604326397)",5,,16,33,26,0,"1,307.00",4.554316085,7.475284709,9.786838781,10.99103575,7.192462728,0,0,0,0,0,
Casselman,2130,11,1192,1180,1194,1230,1317,1404,2,"(53.61134852932065, -113.42413210059294)",146,0.04,37,47,27,3309,1495,11.89061956,9.021533965,7.013884166,5.872732442,9.258742128,0,5,0,0,0,
Kirkness,2430,11,1192,1180,1194,1230,1317,1404,35,"(53.611416204824735, -113.38839885136557)",157,0.02,35,41,30,7170,1500,13.38638593,10.64160714,8.897318483,6.850175266,10.82566343,9,6,0,0,0,
McIntyre Industrial,6430,,,,,,,,41,"(53.490341069742456, -113.454914297171)",98,,36,48,40,0,,6.006700415,7.232481568,9.225593693,7.794955874,6.879104851,0,0,0,0,0,
Ebbers,2251,11,1192,1180,1194,1230,1317,1404,2,"(53.611424777633275, -113.40102959757573)",53,0.07,45,54,32,724,2474,12.8304662,10.03768391,8.20515392,6.425776762,10.23937911,0,3,0,0,0,
Miller,2541,11,1192,1180,1194,1230,1317,1404,2,"(53.61154400692141, -113.41110627437439)",187,0.06,32,47,29,3263,1480,12.41944785,9.590323414,7.681387557,6.159712057,9.807329538,0,2,0,0,0,
Rural North East South Sturgeon,2690,11,1192,1180,1194,1230,1317,1404,51,"(53.61898141939035, -113.31614073170843)",35,0.03,2,16,4,1285,2798,17.51435843,14.9793756,13.51200159,10.78998167,15.10463973,1,0,0,0,0,
Brintnell,2110,11,1192,1180,1194,1230,1317,1404,3,"(53.621394396676344, -113.40711431891364)",115,0.02,29,35,30,5066,1595,13.45431763,10.59720016,8.600134468,7.277474047,10.8283386,0,2,0,0,0,
Hollick-Kenyon,2340,11,1192,1180,1194,1230,1317,1404,3,"(53.62224418234196, -113.4222878615544)",163,0.03,39,35,39,5026,1570,12.97004811,10.07543043,7.969732632,7.080897358,10.32958147,0,13,0,0,0,
Matt Berry,2500,11,1192,1180,1194,1230,1317,1404,3,"(53.62225395930331, -113.43602152876804)",67,0.02,31,37,47,4144,1699,12.51135889,9.596404095,7.402610592,6.940129994,9.870559368,0,2,0,0,0,
Rosedale Industrial,6650,,,,,,,,41,"(53.498545169674685, -113.47882872215995)",60,,36,48,40,0,,4.201474369,5.746161991,7.922072514,7.201660846,5.380480145,0,11,0,0,0,
Evergreen,2270,11,1192,1180,1194,1230,1317,1404,51,"(53.632240591468204, -113.35048376128464)",60,0.06,9,20,24,997,1300,16.79478087,14.0569654,12.27338717,10.20149595,14.24075448,0,0,0,0,0,
River Valley Fort Edmonton,5401,,,,,,,,,"(53.50091068693929, -113.58103079402326)",1,,,,,0,,4.416571503,7.09754355,9.172427078,11.13809187,6.900958561,0,0,0,0,0,
Coronet Addition Industrial,6090,,,,,,,,41,"(53.502728562228555, -113.45165308361577)",61,,36,48,40,0,,5.467079381,6.188268402,8.02732465,6.404433434,5.853290523,0,0,0,0,0,
River Valley Lessard North,4440,,,,,,,,,"(53.50419531565392, -113.58482693866749)",2,,21,38,29,0,,4.437380552,7.0180658,9.026868489,11.13306664,6.841453455,0,0,0,0,0,
River Valley Whitemud,5400,,,,,,,,,"(53.50515157926489, -113.55046983011724)",10,,,,,0,,2.597343648,5.483994563,7.748724511,9.261534572,5.227110322,0,0,0,0,0,
Cy Becker,2611,11,1192,1180,1194,1230,1317,1404,3,"(53.63236275901925, -113.40692407461462)",58,0.03,24,39,24,1900,1725,14.46677399,11.57980613,9.486681861,8.435258451,11.82868732,172,1,0,0,0,
McConachie,2522,11,1192,1180,1194,1230,1317,1404,3,"(53.636453048288004, -113.43131250554053)",252,0.03,30,42,32,8100,1657,14.05629213,11.13604948,8.89022519,8.544028661,11.4206239,312,23,0,0,0,
Marquis,2671,11,1192,1180,1194,1230,1317,1404,51,"(53.65058566615271, -113.32596417109045)",13,0.19,6,18,14,70,3085,19.39170837,16.63528417,14.79469342,12.80890397,16.82652456,92,0,0,0,0,
Edmonton Energy And Technology Park,2681,11,1192,1180,1194,1230,1317,1404,50,"(53.67823189399229, -113.3800601957547)",34,0.07,4,17,9,461,1351,19.75462879,16.84197461,14.6332934,13.83951398,17.11278899,0,0,0,0,0,
Rural North East Horse Hill,2670,11,1192,1180,1194,1230,1317,1404,,"(53.67836434132921, -113.31251307885341)",106,0.20,25,28,33,520,1633,22.30119328,19.48056845,17.50400593,15.83378949,19.69681088,0,0,0,0,0,
River Valley Laurier,3382,,,,,,,,,"(53.510583477055974, -113.55332311271663)",23,,48,60,30,0,,2.298204558,5.08779409,7.290668803,9.022065918,4.857895797,0,0,0,0,0,
Girard Industrial,6260,,,,,,,,,"(53.51116985458425, -113.43772379583726)",163,,46,46,36,0,"1,450.00",6.035279485,6.128634845,7.652383002,5.478024559,5.835019794,0,0,0,0,0,
Canon Ridge,2120,11,1192,1180,1194,1230,1317,1404,35,"(53.5787889552352, -113.3792165041167)",98,0.08,26,44,48,1201,1695,11.5280508,9.197581751,8.193290143,4.866134698,9.265053959,0,4,0,0,0,
Overlanders,2590,11,1192,1180,1194,1230,1317,1404,35,"(53.58101065034532, -113.38817648181885)",137,0.05,25,44,19,2507,1479,11.16993104,8.754780476,7.647385391,4.459893873,8.841218011,0,17,0,0,0,
River Valley Gold Bar,6620,11,1192,1180,1194,1230,1317,1404,,"(53.55227007401804, -113.43756822098467)",29,0.03,54,50,62,1044,1828,6.697866964,4.670319465,4.611731689,1.029372944,4.645282835,0,0,0,0,0,
River Valley Rundle,2650,11,1192,1180,1194,1230,1317,1404,,"(53.555592464509914, -113.3869387232612)",42,0.06,41,38,49,751,1339,9.905973591,8.046012054,7.734774614,3.924984828,8.01349932,0,0,0,0,0,
River Valley Hermitage,2630,11,1192,1180,1194,1230,1317,1404,,"(53.591428272471504, -113.40850196592923)",12,0.01,34,39,38,2345,1950,10.86652082,8.197815029,6.681144951,4.262655481,8.353384534,0,0,0,0,0,
Lorelei,3280,11,1192,1180,1194,1230,1317,1404,27,"(53.62459274077493, -113.50446576585736)",149,0.03,44,51,35,4278,1658,11.34182475,8.6092938,6.25542724,8.159692866,8.966280447,0,2,0,0,0,
River Valley Mayfair,5370,,,,,,,,,"(53.52956527496194, -113.54417943380135)",10,,,,,0,,1.362222777,3.127884389,5.160853387,7.364785853,2.985130729,0,0,0,0,0,
Pembina,3340,12,1279,1249,1240,1254,1320,1449,27,"(53.603167658034536, -113.54284506988225)",224,0.13,30,43,18,1684,1781,8.931879806,6.64764135,4.732821566,8.02086584,7.012683463,0,2,0,0,0,
River Valley Walterdale,5390,,,,,,,,,"(53.53057521791498, -113.51975395559765)",80,,,,,0,,0.8977973875,2.026210854,4.378550781,5.912824219,1.74471325,0,0,0,0,0,
River Valley Capitol Hill,3380,,,,,,,,,"(53.53188605950759, -113.55988567347316)",16,,38,52,28,0,,2.412904356,3.870088554,5.605160367,8.199171398,3.803105544,0,0,0,0,0,
Northmount,2580,12,1279,1249,1240,1254,1320,1449,2,"(53.60320534682862, -113.47962880470851)",328,0.10,50,54,31,3443,1509,9.392789914,6.494981018,4.138175683,5.292370651,6.817556363,0,7,0,0,0,
Kildare,2400,12,1279,1249,1240,1254,1320,1449,2,"(53.60329283639778, -113.45515009551443)",420,0.13,60,47,34,3129,1385,10.05304065,7.136413143,4.955753315,4.841250694,7.413578852,0,4,0,0,0,
Hudson,3480,12,1279,1249,1240,1254,1320,1449,27,"(53.604587411333966, -113.5533957565913)",83,0.06,23,41,24,1470,1529,9.199162167,7.066888642,5.286382151,8.680642899,7.426783736,0,2,0,0,0,
Baranow,3020,12,1279,1249,1240,1254,1320,1449,27,"(53.60514463104835, -113.53587266453894)",1300,0.78,31,45,21,1670,1662,9.106561201,6.710425988,4.673831954,7.794629575,7.077949731,0,2,2,243,1,
Place LaRue,4400,,,,,,,,,"(53.539007705161794, -113.63332341710671)",474,,27,52,27,0,,7.30187873,8.38972654,9.319219596,12.65898063,8.441267521,0,0,0,0,0,
Griesbach,3111,12,1279,1249,1240,1254,1320,1449,27,"(53.60680836887645, -113.5042291461543)",370,0.12,31,57,24,3055,1615,9.384532528,6.631143216,4.276688414,6.480363899,6.987431524,433,55,0,0,0,
Kilkenny,2410,12,1279,1249,1240,1254,1320,1449,2,"(53.610377929359544, -113.45511917442329)",222,0.04,41,45,41,5804,1457,10.75654675,7.835668063,5.595958105,5.623838052,8.123774894,0,3,0,0,0,
River Valley Glenora,3381,,,,,,,,,"(53.5426113680614, -113.54902509017589)",14,,44,57,29,0,,2.604128701,2.799139513,4.254098244,7.123438922,2.83851593,0,0,0,0,0,
River Valley Riverside,6630,,,,,,,,,"(53.54845932796029, -113.46339725819846)",20,,54,50,62,0,,5.010839019,2.928106895,3.370863743,1.754154172,2.884399561,0,0,0,0,0,
Evansdale,2260,12,1279,1249,1240,1254,1320,1449,2,"(53.61084111037154, -113.47956893162089)",255,0.05,41,54,29,5479,1545,10.20017431,7.314657995,4.943646354,6.070849135,7.642471921,0,7,2,328,0,
Beaumaris,3040,12,1279,1249,1240,1254,1320,1449,27,"(53.61842233825658, -113.50500707158315)",226,0.05,37,55,25,4338,1395,10.65625266,7.921911809,5.57032224,7.58191692,8.279152997,1,5,0,0,0,
Poundmaker Industrial,4410,,,,,,,,,"(53.552287292768845, -113.64587519214425)",3,,30,52,28,0,,8.548765017,9.186996354,9.723117938,13.29689992,9.298772498,0,0,0,0,0,
Youngstown Industrial,4660,,,,,,,,40,"(53.5524757447572, -113.61058845726237)",114,,30,47,27,0,"1,239.00",6.449860998,6.855696908,7.432514611,10.96289446,6.977861475,0,11,0,0,0,
Wilson Industrial,4640,,,,,,,,,"(53.55407736657594, -113.63352130894815)",30,,6,25,15,0,"1,250.00",7.879138942,8.385332702,8.881714258,12.46742133,8.507983884,0,0,0,0,0,
McNamara Industrial,4300,,,,,,,,40,"(53.55407815098212, -113.62127738552252)",87,,34,50,21,0,"2,888.00",7.155522484,7.577500238,8.084885257,11.65729527,7.70420559,0,0,0,0,0,
River Valley Kinnaird,1190,,,,,,,,,"(53.55424923268959, -113.4695235484404)",68,,64,62,61,0,,5.086735108,2.636190128,2.649719012,1.712407851,2.68792091,0,0,0,0,0,
Dunluce,3180,12,1279,1249,1240,1254,1320,1449,27,"(53.621472988694656, -113.53018332452554)",195,0.03,22,45,30,6490,1735,10.90484762,8.394875684,6.199979333,8.825136182,8.762534867,0,7,0,0,0,
Winterburn Industrial Area East,4650,,,,,,,,59,"(53.556944783887026, -113.67530826794228)",105,,6,24,10,0,"2,167.00",10.5547433,11.17231033,11.57636607,15.22192508,11.29536966,0,0,0,0,0,
Eaux Claires,2241,12,1279,1249,1240,1254,1320,1449,28,"(53.6216388347344, -113.48563719272002)",385,0.12,49,54,36,3242,1400,11.24792335,8.404115628,6.018218595,7.336254728,8.744188457,0,2,0,0,0,
West Sheffield Industrial,4600,,,,,,,,40,"(53.55949273334895, -113.60904431401366)",100,,28,54,28,0,"1,750.00",6.790118215,6.864536279,7.183781879,10.82649588,7.025283314,0,0,0,0,0,
River Valley Highlands,2640,,,,,,,,,"(53.56006960866, -113.43617530896526)",32,,38,38,45,0,,7.229029789,4.939035236,4.437514936,0.6291057764,4.97677,0,0,0,0,0,
Sheffield Industrial,4490,,,,,,,,40,"(53.56081597064499, -113.59659572026173)",44,,23,36,20,0,"1,908.00",6.239797636,6.092794651,6.346493471,10.00143545,6.270778022,0,0,0,0,0,
Carlton,3470,12,1279,1249,1240,1254,1320,1449,27,"(53.62165163543048, -113.55937325047627)",85,0.03,6,31,30,2593,1690,11.13907432,8.963333694,7.050447371,10.17470892,9.326588668,0,3,0,0,0,
Ozerna,2600,12,1279,1249,1240,1254,1320,1449,28,"(53.622275154794266, -113.44902424999296)",64,0.01,25,38,39,4366,1640,12.12530195,9.204136585,6.934304454,6.916604508,9.497217912,0,1,0,0,0,
Mayliewan,2511,12,1279,1249,1240,1254,1320,1449,28,"(53.622290298766785, -113.46026446170166)",78,0.02,28,38,38,4530,1615,11.83169841,8.917970918,6.59324885,6.981942924,9.226894477,0,0,0,0,0,
Belle Rive,2050,12,1279,1249,1240,1254,1320,1449,28,"(53.62230017573994, -113.47359649235716)",71,0.02,35,42,28,3826,1485,11.53534044,8.6487562,6.278853969,7.158811999,8.975150458,0,0,0,0,0,
Huff Bremner Estate Industrial,3230,,,,,,,,40,"(53.564620946423375, -113.57189649619323)",301,,30,47,27,0,"1,678.00",5.482099931,4.683104473,4.672286353,8.378822383,4.915534031,0,0,0,0,0,
White Industrial,4630,,,,,,,,,"(53.564714562357935, -113.64861763741831)",64,,8,25,12,0,"1,175.00",9.313817704,9.55001248,9.745041883,13.45730151,9.710349804,0,0,0,0,0,
Baturyn,3030,12,1279,1249,1240,1254,1320,1449,27,"(53.63097982527694, -113.50433944798633)",185,0.04,30,40,32,5028,1375,12.04821757,9.320167185,6.96579887,8.787141264,9.677198785,0,1,0,0,0,
Schonsee,2700,12,1279,1249,1240,1254,1320,1449,28,"(53.63236248729287, -113.45514587942287)",83,0.07,24,34,44,1124,1665,12.99881234,10.08679242,7.755147405,8.060198582,10.39695797,21,4,0,0,0,
Albany,3460,12,1279,1249,1240,1254,1320,1449,27,"(53.6323821398393, -113.5494643322466)",198,0.11,24,43,27,1800,1857,12.21262046,9.872489954,7.791182251,10.57523554,10.23997547,257,111,0,0,0,
Alberta Park Industrial,4010,,,,,,,,40,"(53.566734885629394, -113.59647151301722)",43,,30,47,27,0,,6.690156473,6.28027839,6.284027343,10.01898536,6.489477635,0,0,0,0,0,
Norwester Industrial,4350,,,,,,,,,"(53.56673770420897, -113.60888372767698)",43,,25,42,30,0,,7.286334392,7.058103119,7.106050025,10.83940936,7.254368499,0,0,0,0,0,
Hawin Park Estate Industrial,4190,,,,,,,,,"(53.57485072697918, -113.59657383692269)",22,,36,50,29,0,,7.370335674,6.651822046,6.328124403,10.13084017,6.896874608,0,0,0,0,0,
Rapperswill,3370,12,1279,1249,1240,1254,1320,1449,27,"(53.635410932289524, -113.53502943713653)",63,0.02,24,42,26,3000,,12.46646632,9.978545981,7.776959816,10.2539513,10.34626461,1,1,0,0,0,
Pintail Landing,4478,,,,,,,,,"(53.57841364003393, -113.67651866190087)",0,,14,30,16,,,11.68035862,11.72211103,11.63641246,15.42836224,11.91212912,0,0,0,0,0,
Yellowhead Corridor East,1270,,,,,,,,8,"(53.579205367028734, -113.45196418798517)",172,,59,64,59,0,"1,421.00",7.918087398,5.118084391,3.504650417,2.160129697,5.316926278,0,0,0,0,0,
Lago Lindo,2450,12,1279,1249,1240,1254,1320,1449,28,"(53.636039092648886, -113.48464731674068)",81,0.02,38,39,30,3601,1550,12.82357333,9.996327743,7.610479806,8.830443407,10.33909305,2,1,0,0,0,
Gagnon Estate Industrial,4150,,,,,,,,40,"(53.580184173448046, -113.58579493914254)",67,,34,50,28,0,"1,375.00",7.437143118,6.349993019,5.724928349,9.547053265,6.629399061,0,0,0,0,0,
Hagmann Estate Industrial,3220,,,,,,,,4,"(53.58217611123088, -113.54495102363569)",63,,35,49,34,0,"1,960.00",6.64396644,4.609786478,3.250838288,7.018825596,4.958292797,0,0,0,0,0,
Brown Industrial,3050,,,,,,,,4,"(53.58239893635303, -113.5680073695957)",25,,31,50,28,0,,7.111666183,5.599413469,4.662130646,8.47416887,5.912712012,0,0,0,0,0,
Yellowhead Corridor West,1280,,,,,,,,8,"(53.58284074809834, -113.51272950704035)",99,,59,64,59,0,"1,421.00",6.663313159,3.974989208,1.765133399,5.109618364,4.339720021,0,0,0,0,0,
Canossa,3080,12,1279,1249,1240,1254,1320,1449,27,"(53.636192230399715, -113.5226863308244)",57,0.02,14,39,20,3080,1992,12.5423725,9.948682087,7.670958865,9.879547108,10.31390533,0,2,0,0,0,
Klarvatten,2440,12,1279,1249,1240,1254,1320,1449,28,"(53.63722398137361, -113.47666510945415)",100,0.02,26,36,31,4612,1797,13.07524717,10.21913667,7.835285713,8.818903016,10.55500121,11,4,0,0,0,
Crystallina Nera West,2463,12,1279,1249,1240,1254,1320,1449,28,"(53.64031050897715, -113.45919996932167)",120,0.04,32,40,35,3000,1767,13.73753826,10.83932697,8.481417801,8.965206208,11.15899923,22,24,0,0,0,
Elsinore,3190,12,1279,1249,1240,1254,1320,1449,27,"(53.640763391998256, -113.4994021462004)",57,0.04,9,33,15,1516,1505,13.17003742,10.42056427,8.053835228,9.650321409,10.77485487,25,0,0,0,0,
Clover Bar Area,2160,,,,,,,,43,"(53.59151239150917, -113.33335678332813)",61,,56,52,29,0,"1,800.00",14.85873526,12.54599079,11.44036896,8.217141835,12.61601192,0,0,0,0,0,
Anthony Henday Big Lake,4018,,,,,,,,40,"(53.59221135864012, -113.64788090682242)",25,,30,47,27,0,,11.1059818,10.55895552,10.04007297,13.86141112,10.80579496,0,0,0,0,0,
Chambery,3120,12,1279,1249,1240,1254,1320,1449,27,"(53.64076376483925, -113.51176139221641)",61,0.04,7,29,23,1509,1594,13.08443832,10.41048984,8.08017016,9.980990242,10.77141757,0,2,0,0,0,
McArthur Industrial,3290,,,,,,,,,"(53.59432400129637, -113.5642624352912)",69,,36,50,31,0,"1,351.00",8.271652803,6.447093349,5.050279239,8.727275032,6.788375162,0,0,1,50,0,
Mistatim Industrial,4320,,,,,,,,40,"(53.59683656416475, -113.59977067013727)",151,,30,47,27,0,,9.501265058,8.233332252,7.226715511,10.9930978,8.538007667,0,0,0,0,0,
Oxford,3320,12,1279,1249,1240,1254,1320,1449,27,"(53.62219780043192, -113.54729168143149)",70,0.02,28,38,31,2983,2120,11.07004549,8.746256089,6.70520517,9.641212648,9.113249924,1,2,0,0,0,
Anthony Henday Mistatim,4015,,,,,,,,40,"(53.60847815252636, -113.61195468482153)",1,,30,47,27,0,,11.02725956,9.709170886,8.557144884,12.25549853,10.0220501,0,0,0,0,0,
Carlisle,3090,12,1279,1249,1240,1254,1320,1449,27,"(53.60352021881101, -113.52591462611406)",153,0.04,24,46,22,3549,1412,8.903778783,6.378957259,4.224496557,7.178749112,6.746803061,0,4,0,0,0,
Cumberland,3150,12,1279,1249,1240,1254,1320,1449,27,"(53.61056256755815, -113.55318813558542)",140,0.02,17,34,30,6106,1600,9.849748249,7.66711398,5.800633605,9.06470746,8.02965722,0,1,0,0,0,
Anthony Henday Clareview,4022,,,,,,,,,"(53.617885711275214, -113.35795929304325)",7,,28,50,26,0,,15.32012114,12.6456206,10.99356821,8.660694908,12.80810676,0,0,0,0,0,
Caernarvon,3060,12,1279,1249,1240,1254,1320,1449,27,"(53.6118997513244, -113.52640171562766)",208,0.05,25,46,30,4024,1440,9.836362602,7.302027129,5.109642027,7.857706089,7.669550405,0,1,0,0,0,
Anthony Henday Rampart,4023,,,,,,,,,"(53.62749699081316, -113.5763739596066)",23,,29,49,26,0,,12.03794642,10.02668277,8.228442147,11.44820291,10.38423199,0,0,0,0,0,
Anthony Henday Horse Hill,4021,,,,,,,,,"(53.6332051339252, -113.38747022429976)",4,,27,53,24,0,,15.28422232,12.43778084,10.4476529,8.996431365,12.66409271,0,0,0,0,0,
Anthony Henday Energy Park,4019,,,,,,,,,"(53.639587651047016, -113.40722276233143)",17,,27,53,24,0,,15.13581577,12.23521816,10.0913808,9.198989887,12.49426336,0,0,0,0,0,
Goodridge Corners,3490,12,1279,1249,1240,1254,1320,1449,,"(53.642394533593645, -113.55874073268737)",140,0.08,27,44,26,1700,1237,13.40349208,11.11795051,9.059381596,11.82358601,11.48482103,0,0,0,0,0,
Anthony Henday Lake District,4017,,,,,,,,,"(53.646909392951784, -113.46737130828637)",15,,30,47,27,0,,14.27695837,11.40490167,9.026556774,9.76109069,11.73543118,0,0,0,0,0,